Workbook

Sheet Title_page
A1: Significance of the Dispersion Force for Ferroelectric Switching in ZnO and Related Materials
A3: Lingyao Zhang1,2, Musen Li1,3,4, Nisha Mehta3, Carla Verdi5, Wei Ren,1,4* and Jeffrey R. Reimers1,3*
A5: 1 Physics Department, State Key Laboratory of Advanced Refractories, Materials Genome Institute, International Centre for Quantum and Molecular Structures, Shanghai University, Shanghai 200444, China
A6: 2 Department of Materials Science, University of Milan-Bicocca, Via Roberto Cozzi 55, 20125 Milan, Italy
A7: 3 University of Technology Sydney, School of Mathematical and Physical Sciences, Ultimo, New South Wales 2007, Australia.
A8: 4 Institute for Quantum Science and Technology, Shanghai Engineering Research Center for Integrated Circuits and Advanced Display Materials, Shanghai University, Shanghai 200444, China.
A9: 5 School of Mathematics and Physics, The University of Queensland, Brisbane, Queensland, 4072, Australia
A11: Contents of spreadsheets
A12: 1. Title Page
A14: 2. Summary
A15: This summarises the main results and constructs the tables and figures of the Main text.
A16: Rows 1-113: key structural and energetics properties are collected together from the individual results spreadsheets
... A46: Rows 256 Onwards: Additional RPA and RPAR calculations at PBE0 optimised geometries for Table 1 etc.

Sheet Summary
A1: structure | B1: Metal | C1: Functional | D1: filename | E1: structural properties | J1: Energy changes from C (eV/4_atom cell) | O1: Bandgap | Q1: E_MP2 | R1: diff to E_MP2 min | S1: diff sum | T1: sum ZnO+ZnMgO2 | U1: lattice vec sum abs error | V1: sum ZnO+ZnMgO2
E2: a | F2: c | G2: z(Zn-O) | H2: z(Zn/Mg-O) | I2: interplane ratio | J2: DFT | K2: HF | L2: correl | M2: MP2 | N2: MP2 corr | O2: DFT | P2: HF | Q2: B is at 0.5
A4: A | B4: Mg | C4: HSE06D3 | D4: =VLOOKUP($A4,INDIRECT("'"&$B4&"_"&$C4&"'!"&"A:Z"),COLUMN(B$1),FALSE) -> Zn_Mg_C_HSE06D3_999 | E4: =VLOOKUP($A4,INDIRECT("'"&$B4&"_"&$C4&"'!"&"A:Z"),COLUMN(D$1),FALSE) -> 3.2453 | F4: =VLOOKUP($A4,INDIRECT("'"&$B4&"_"&$C4&"'!"&"A:Z"),COLUMN(E$2),FALSE) -> 5.0937 | G4: =VLOOKUP($A4,INDIRECT("'"&$B4&"_"&$C4&"'!"&"A:Z"),COLUMN(F$2),FALSE) -> 0.61106063 | H4: =VLOOKUP($A4,INDIRECT("'"&$B4&"_"&$C4&"'!"&"A:Z"),COLUMN(G$2),FALSE) -> 0.54010539 | I4: =VLOOKUP($A4,INDIRECT("'"&$B4&"_"&$C4&"'!"&"A:Z"),COLUMN(H$2),FALSE) -> 0.505567 | J4: =VLOOKUP($A4,INDIRECT("'"&$B4&"_"&$C4&"'!"&"A:Z"),COLUMN(O$1),FALSE) -> 0.0144 | K4: =VLOOKUP($A4,INDIRECT("'"&$B4&"_"&$C4&"'!"&"A:Z"),COLUMN(P$1),FALSE) -> -0.1033 | L4: =VLOOKUP($A4,INDIRECT("'"&$B4&"_"&$C4&"'!"&"A:Z"),COLUMN(Q$1),FALSE) -> 0.0908 | M4: =VLOOKUP($A4,INDIRECT("'"&$B4&"_"&$C4&"'!"&"A:Z"),COLUMN(R$1),FALSE) -> -0.0125 | N4: =VLOOKUP($A4,INDIRECT("'"&$B4&"_"&$C4&"'!"&"A:Z"),COLUMN(Y$1),FALSE) -> 0.0019 | O4: =VLOOKUP($A4,INDIRECT("'"&$B4&"_"&$C4&"'!"&"A:Z"),COLUMN($T$1),FALSE) -> 3.598 | P4: =VLOOKUP($A4,INDIRECT("'"&$B4&"_"&$C4&"'!"&"A:Z"),COLUMN($U$1),FALSE) -> 0 | Q4: =VLOOKUP($A4,INDIRECT("'"&$B4&"_"&$C4&"'!"&"A:Z"),COLUMN($M$1),FALSE) -> -77.4478 | R4: =Q4-Q$54 -> 0.1083 | S4: =SUM(R4:R6) -> 0.303 | T4: =S4+S62 -> 0.3644 | U4: =ABS(E4-E$54)+ABS(F4-F$54) -> 0.101 | V4: =U4+U62 -> 0.1844
A5: B | B5: Mg | C5: HSE06D3 | D5: =VLOOKUP($A5,INDIRECT("'"&$B5&"_"&$C5&"'!"&"A:Z"),COLUMN(B$1),FALSE) -> Zn_Mg_C_HSE06D3_500 | E5: =VLOOKUP($A5,INDIRECT("'"&$B5&"_"&$C5&"'!"&"A:Z"),COLUMN(D$1),FALSE) -> 3.3706 | F5: =VLOOKUP($A5,INDIRECT("'"&$B5&"_"&$C5&"'!"&"A:Z"),COLUMN(E$2),FALSE) -> 4.5621 | G5: =VLOOKUP($A5,INDIRECT("'"&$B5&"_"&$C5&"'!"&"A:Z"),COLUMN(F$2),FALSE) -> 0.26982997 | H5: =VLOOKUP($A5,INDIRECT("'"&$B5&"_"&$C5&"'!"&"A:Z"),COLUMN(G$2),FALSE) -> 0.23352021 | I5: =VLOOKUP($A5,INDIRECT("'"&$B5&"_"&$C5&"'!"&"A:Z"),COLUMN(H$2),FALSE) -> 0.501947 | J5: =VLOOKUP($A5,INDIRECT("'"&$B5&"_"&$C5&"'!"&"A:Z"),COLUMN(O$1),FALSE) -> 0.0779 | K5: =VLOOKUP($A5,INDIRECT("'"&$B5&"_"&$C5&"'!"&"A:Z"),COLUMN(P$1),FALSE) -> 0.0289 | L5: =VLOOKUP($A5,INDIRECT("'"&$B5&"_"&$C5&"'!"&"A:Z"),COLUMN(Q$1),FALSE) -> 0.0274 | M5: =VLOOKUP($A5,INDIRECT("'"&$B5&"_"&$C5&"'!"&"A:Z"),COLUMN(R$1),FALSE) -> 0.0563 | N5: =VLOOKUP($A5,INDIRECT("'"&$B5&"_"&$C5&"'!"&"A:Z"),COLUMN(Y$1),FALSE) -> 0.1342 | O5: =VLOOKUP($A5,INDIRECT("'"&$B5&"_"&$C5&"'!"&"A:Z"),COLUMN(T$1),FALSE) -> 3.483 | P5: =VLOOKUP($A5,INDIRECT("'"&$B5&"_"&$C5&"'!"&"A:Z"),COLUMN(U$1),FALSE) -> 0 | Q5: {=INDIRECT("'"&$B5&"_"&$C5&"'!"&"M30")} -> -77.379 | R5: =Q5-Q$55 -> 0.1057
A6: C | B6: Mg | C6: HSE06D3 | D6: =VLOOKUP($A6,INDIRECT("'"&$B6&"_"&$C6&"'!"&"A:Z"),COLUMN(B$1),FALSE) -> Zn_Mg_C_HSE06D3_000 | E6: =VLOOKUP($A6,INDIRECT("'"&$B6&"_"&$C6&"'!"&"A:Z"),COLUMN(D$1),FALSE) -> 3.4497 | F6: =VLOOKUP($A6,INDIRECT("'"&$B6&"_"&$C6&"'!"&"A:Z"),COLUMN(E$2),FALSE) -> 4.2409 | G6: =VLOOKUP($A6,INDIRECT("'"&$B6&"_"&$C6&"'!"&"A:Z"),COLUMN(F$2),FALSE) -> 0 | H6: =VLOOKUP($A6,INDIRECT("'"&$B6&"_"&$C6&"'!"&"A:Z"),COLUMN(G$2),FALSE) -> 0 | I6: =VLOOKUP($A6,INDIRECT("'"&$B6&"_"&$C6&"'!"&"A:Z"),COLUMN(H$2),FALSE) -> 0.5 | J6: =VLOOKUP($A6,INDIRECT("'"&$B6&"_"&$C6&"'!"&"A:Z"),COLUMN(O$1),FALSE) -> 0 | K6: =VLOOKUP($A6,INDIRECT("'"&$B6&"_"&$C6&"'!"&"A:Z"),COLUMN(P$1),FALSE) -> 0 | L6: =VLOOKUP($A6,INDIRECT("'"&$B6&"_"&$C6&"'!"&"A:Z"),COLUMN(Q$1),FALSE) -> 0 | M6: =VLOOKUP($A6,INDIRECT("'"&$B6&"_"&$C6&"'!"&"A:Z"),COLUMN(R$1),FALSE) -> 0 | N6: =VLOOKUP($A6,INDIRECT("'"&$B6&"_"&$C6&"'!"&"A:Z"),COLUMN(Y$1),FALSE) -> 0 | O6: =VLOOKUP($A6,INDIRECT("'"&$B6&"_"&$C6&"'!"&"A:Z"),COLUMN(T$1),FALSE) -> 3.045 | P6: =VLOOKUP($A6,INDIRECT("'"&$B6&"_"&$C6&"'!"&"A:Z"),COLUMN(U$1),FALSE) -> 0 | Q6: =VLOOKUP($A6,INDIRECT("'"&$B6&"_"&$C6&"'!"&"A:Z"),COLUMN(M$1),FALSE) -> -77.4353 | R6: =Q6-Q$56 -> 0.089
A7: V | B7: Mg | C7: HSE06D3 | D7: =VLOOKUP($A7,INDIRECT("'"&$B7&"_"&$C7&"'!"&"A:Z"),COLUMN(B$1),FALSE) -> Zn_Mg_C_HSE06D3_ver | E7: =VLOOKUP($A7,INDIRECT("'"&$B7&"_"&$C7&"'!"&"A:Z"),COLUMN(D$1),FALSE) -> 3.2453 | F7: =VLOOKUP($A7,INDIRECT("'"&$B7&"_"&$C7&"'!"&"A:Z"),COLUMN(E$2),FALSE) -> 5.0937 | G7: =VLOOKUP($A7,INDIRECT("'"&$B7&"_"&$C7&"'!"&"A:Z"),COLUMN(F$2),FALSE) -> 0 | H7: =VLOOKUP($A7,INDIRECT("'"&$B7&"_"&$C7&"'!"&"A:Z"),COLUMN(G$2),FALSE) -> 0 | I7: =VLOOKUP($A7,INDIRECT("'"&$B7&"_"&$C7&"'!"&"A:Z"),COLUMN(H$2),FALSE) -> 0.5 | J7: =VLOOKUP($A7,INDIRECT("'"&$B7&"_"&$C7&"'!"&"A:Z"),COLUMN(O$1),FALSE) -> 0.6043 | K7: =VLOOKUP($A7,INDIRECT("'"&$B7&"_"&$C7&"'!"&"A:Z"),COLUMN(P$1),FALSE) -> 58.5165 | L7: =VLOOKUP($A7,INDIRECT("'"&$B7&"_"&$C7&"'!"&"A:Z"),COLUMN(Q$1),FALSE) -> 18.9188 | M7: =VLOOKUP($A7,INDIRECT("'"&$B7&"_"&$C7&"'!"&"A:Z"),COLUMN(R$1),FALSE) -> 77.4353 | N7: =VLOOKUP($A7,INDIRECT("'"&$B7&"_"&$C7&"'!"&"A:Z"),COLUMN(Y$1),FALSE) -> 78.0396 | O7: =VLOOKUP($A7,INDIRECT("'"&$B7&"_"&$C7&"'!"&"A:Z"),COLUMN(T$1),FALSE) -> 3.426 | P7: =VLOOKUP($A7,INDIRECT("'"&$B7&"_"&$C7&"'!"&"A:Z"),COLUMN(U$1),FALSE) -> 0 | Q7: =VLOOKUP($A7,INDIRECT("'"&$B7&"_"&$C7&"'!"&"A:Z"),COLUMN(M$1),FALSE) -> 0
I8: B-A | J8: =J5-J4 -> 0.0635 | K8: =K5-K4 -> 0.1322 | L8: =L5-L4 -> -0.0634 | M8: =M5-M4 -> 0.0688 | N8: =N5-N4 -> 0.1323
A9: A | B9: Mg | C9: HSE06 | D9: =VLOOKUP($A9,INDIRECT("'"&$B9&"_"&$C9&"'!"&"A:Z"),COLUMN(B$1),FALSE) -> Zn_Mg_C_HSE06_999 | E9: =VLOOKUP($A9,INDIRECT("'"&$B9&"_"&$C9&"'!"&"A:Z"),COLUMN(D$1),FALSE) -> 3.2687 | F9: =VLOOKUP($A9,INDIRECT("'"&$B9&"_"&$C9&"'!"&"A:Z"),COLUMN(E$2),FALSE) -> 5.1516 | G9: =VLOOKUP($A9,INDIRECT("'"&$B9&"_"&$C9&"'!"&"A:Z"),COLUMN(F$2),FALSE) -> 0.62337966 | H9: =VLOOKUP($A9,INDIRECT("'"&$B9&"_"&$C9&"'!"&"A:Z"),COLUMN(G$2),FALSE) -> 0.55455944 | I9: =VLOOKUP($A9,INDIRECT("'"&$B9&"_"&$C9&"'!"&"A:Z"),COLUMN(H$2),FALSE) -> 0.505551 | J9: =VLOOKUP($A9,INDIRECT("'"&$B9&"_"&$C9&"'!"&"A:Z"),COLUMN(O$1),FALSE) -> -0.0541 | K9: =VLOOKUP($A9,INDIRECT("'"&$B9&"_"&$C9&"'!"&"A:Z"),COLUMN(P$1),FALSE) -> -0.1094 | L9: =VLOOKUP($A9,INDIRECT("'"&$B9&"_"&$C9&"'!"&"A:Z"),COLUMN(Q$1),FALSE) -> 0.0901 | M9: =VLOOKUP($A9,INDIRECT("'"&$B9&"_"&$C9&"'!"&"A:Z"),COLUMN(R$1),FALSE) -> -0.0193 | N9: =VLOOKUP($A9,INDIRECT("'"&$B9&"_"&$C9&"'!"&"A:Z"),COLUMN(Y$1),FALSE) -> -0.0734 | O9: =VLOOKUP($A9,INDIRECT("'"&$B9&"_"&$C9&"'!"&"A:Z"),COLUMN($T$1),FALSE) -> 3.512 | P9: =VLOOKUP($A9,INDIRECT("'"&$B9&"_"&$C9&"'!"&"A:Z"),COLUMN($U$1),FALSE) -> 0 | Q9: =VLOOKUP($A9,INDIRECT("'"&$B9&"_"&$C9&"'!"&"A:Z"),COLUMN($M$1),FALSE) -> -77.4822 | R9: =Q9-Q$54 -> 0.0739 | S9: =SUM(R9:R11) -> 0.1925 | T9: =S9+S67 -> 0.1988 | U9: =ABS(E9-E$54)+ABS(F9-F$54) -> 0.0531 | V9: =U9+U67 -> 0.1311
A10: B | B10: Mg | C10: HSE06 | D10: =VLOOKUP($A10,INDIRECT("'"&$B10&"_"&$C10&"'!"&"A:Z"),COLUMN(B$1),FALSE) -> Zn_Mg_C_HSE06_438 | E10: =VLOOKUP($A10,INDIRECT("'"&$B10&"_"&$C10&"'!"&"A:Z"),COLUMN(D$1),FALSE) -> 3.4051 | F10: =VLOOKUP($A10,INDIRECT("'"&$B10&"_"&$C10&"'!"&"A:Z"),COLUMN(E$2),FALSE) -> 4.5743 | G10: =VLOOKUP($A10,INDIRECT("'"&$B10&"_"&$C10&"'!"&"A:Z"),COLUMN(F$2),FALSE) -> 0.24650903 | H10: =VLOOKUP($A10,INDIRECT("'"&$B10&"_"&$C10&"'!"&"A:Z"),COLUMN(G$2),FALSE) -> 0.21234815 | I10: =VLOOKUP($A10,INDIRECT("'"&$B10&"_"&$C10&"'!"&"A:Z"),COLUMN(H$2),FALSE) -> 0.503378 | J10: =VLOOKUP($A10,INDIRECT("'"&$B10&"_"&$C10&"'!"&"A:Z"),COLUMN(O$1),FALSE) -> 0.0484 | K10: =VLOOKUP($A10,INDIRECT("'"&$B10&"_"&$C10&"'!"&"A:Z"),COLUMN(P$1),FALSE) -> 0.0265 | L10: =VLOOKUP($A10,INDIRECT("'"&$B10&"_"&$C10&"'!"&"A:Z"),COLUMN(Q$1),FALSE) -> 0.0154 | M10: =VLOOKUP($A10,INDIRECT("'"&$B10&"_"&$C10&"'!"&"A:Z"),COLUMN(R$1),FALSE) -> 0.0419 | N10: =VLOOKUP($A10,INDIRECT("'"&$B10&"_"&$C10&"'!"&"A:Z"),COLUMN(Y$1),FALSE) -> 0.0903 | O10: =VLOOKUP($A10,INDIRECT("'"&$B10&"_"&$C10&"'!"&"A:Z"),COLUMN(T$1),FALSE) -> 3.337 | P10: =VLOOKUP($A10,INDIRECT("'"&$B10&"_"&$C10&"'!"&"A:Z"),COLUMN(U$1),FALSE) -> 0 | Q10: {=INDIRECT("'"&$B10&"_"&$C10&"'!"&"M30")} -> -77.4275 | R10: =Q10-Q$55 -> 0.0572
A11: C | B11: Mg | C11: HSE06 | D11: =VLOOKUP($A11,INDIRECT("'"&$B11&"_"&$C11&"'!"&"A:Z"),COLUMN(B$1),FALSE) -> Zn_Mg_C_HSE06_000 | E11: =VLOOKUP($A11,INDIRECT("'"&$B11&"_"&$C11&"'!"&"A:Z"),COLUMN(D$1),FALSE) -> 3.479 | F11: =VLOOKUP($A11,INDIRECT("'"&$B11&"_"&$C11&"'!"&"A:Z"),COLUMN(E$2),FALSE) -> 4.2828 | G11: =VLOOKUP($A11,INDIRECT("'"&$B11&"_"&$C11&"'!"&"A:Z"),COLUMN(F$2),FALSE) -> 0 | H11: =VLOOKUP($A11,INDIRECT("'"&$B11&"_"&$C11&"'!"&"A:Z"),COLUMN(G$2),FALSE) -> 0 | I11: =VLOOKUP($A11,INDIRECT("'"&$B11&"_"&$C11&"'!"&"A:Z"),COLUMN(H$2),FALSE) -> 0.5 | J11: =VLOOKUP($A11,INDIRECT("'"&$B11&"_"&$C11&"'!"&"A:Z"),COLUMN(O$1),FALSE) -> 0 | K11: =VLOOKUP($A11,INDIRECT("'"&$B11&"_"&$C11&"'!"&"A:Z"),COLUMN(P$1),FALSE) -> 0 | L11: =VLOOKUP($A11,INDIRECT("'"&$B11&"_"&$C11&"'!"&"A:Z"),COLUMN(Q$1),FALSE) -> 0 | M11: =VLOOKUP($A11,INDIRECT("'"&$B11&"_"&$C11&"'!"&"A:Z"),COLUMN(R$1),FALSE) -> 0 | N11: =VLOOKUP($A11,INDIRECT("'"&$B11&"_"&$C11&"'!"&"A:Z"),COLUMN(Y$1),FALSE) -> 0 | O11: =VLOOKUP($A11,INDIRECT("'"&$B11&"_"&$C11&"'!"&"A:Z"),COLUMN(T$1),FALSE) -> 2.96 | P11: =VLOOKUP($A11,INDIRECT("'"&$B11&"_"&$C11&"'!"&"A:Z"),COLUMN(U$1),FALSE) -> 0 | Q11: =VLOOKUP($A11,INDIRECT("'"&$B11&"_"&$C11&"'!"&"A:Z"),COLUMN(M$1),FALSE) -> -77.4629 | R11: =Q11-Q$56 -> 0.0614
A12: V | B12: Mg | C12: HSE06 | D12: =VLOOKUP($A12,INDIRECT("'"&$B12&"_"&$C12&"'!"&"A:Z"),COLUMN(B$1),FALSE) -> Zn_Mg_C_HSE06_ver | E12: =VLOOKUP($A12,INDIRECT("'"&$B12&"_"&$C12&"'!"&"A:Z"),COLUMN(D$1),FALSE) -> 3.2687 | F12: =VLOOKUP($A12,INDIRECT("'"&$B12&"_"&$C12&"'!"&"A:Z"),COLUMN(E$2),FALSE) -> 5.1516 | G12: =VLOOKUP($A12,INDIRECT("'"&$B12&"_"&$C12&"'!"&"A:Z"),COLUMN(F$2),FALSE) -> 0 | H12: =VLOOKUP($A12,INDIRECT("'"&$B12&"_"&$C12&"'!"&"A:Z"),COLUMN(G$2),FALSE) -> 0 | I12: =VLOOKUP($A12,INDIRECT("'"&$B12&"_"&$C12&"'!"&"A:Z"),COLUMN(H$2),FALSE) -> 0.5 | J12: =VLOOKUP($A12,INDIRECT("'"&$B12&"_"&$C12&"'!"&"A:Z"),COLUMN(O$1),FALSE) -> 0.5128 | K12: =VLOOKUP($A12,INDIRECT("'"&$B12&"_"&$C12&"'!"&"A:Z"),COLUMN(P$1),FALSE) -> 58.5263 | L12: =VLOOKUP($A12,INDIRECT("'"&$B12&"_"&$C12&"'!"&"A:Z"),COLUMN(Q$1),FALSE) -> 18.9366 | M12: =VLOOKUP($A12,INDIRECT("'"&$B12&"_"&$C12&"'!"&"A:Z"),COLUMN(R$1),FALSE) -> 77.4629 | N12: =VLOOKUP($A12,INDIRECT("'"&$B12&"_"&$C12&"'!"&"A:Z"),COLUMN(Y$1),FALSE) -> 77.9757 | O12: =VLOOKUP($A12,INDIRECT("'"&$B12&"_"&$C12&"'!"&"A:Z"),COLUMN(T$1),FALSE) -> 3.362 | P12: =VLOOKUP($A12,INDIRECT("'"&$B12&"_"&$C12&"'!"&"A:Z"),COLUMN(U$1),FALSE) -> 0 | Q12: =VLOOKUP($A12,INDIRECT("'"&$B12&"_"&$C12&"'!"&"A:Z"),COLUMN(M$1),FALSE) -> 0
I13: B-A | J13: =J10-J9 -> 0.1025 | K13: =K10-K9 -> 0.1359 | L13: =L10-L9 -> -0.0747 | M13: =M10-M9 -> 0.0612 | N13: =N10-N9 -> 0.1637
A14: A | B14: Mg | C14: PBE0D3 | D14: =VLOOKUP($A14,INDIRECT("'"&$B14&"_"&$C14&"'!"&"A:Z"),COLUMN(B$1),FALSE) -> Zn_Mg_C_PBE0D3_999 | E14: =VLOOKUP($A14,INDIRECT("'"&$B14&"_"&$C14&"'!"&"A:Z"),COLUMN(D$1),FALSE) -> 3.2452 | F14: =VLOOKUP($A14,INDIRECT("'"&$B14&"_"&$C14&"'!"&"A:Z"),COLUMN(E$2),FALSE) -> 5.0967 | G14: =VLOOKUP($A14,INDIRECT("'"&$B14&"_"&$C14&"'!"&"A:Z"),COLUMN(F$2),FALSE) -> 0.61179258 | H14: =VLOOKUP($A14,INDIRECT("'"&$B14&"_"&$C14&"'!"&"A:Z"),COLUMN(G$2),FALSE) -> 0.54159063 | I14: =VLOOKUP($A14,INDIRECT("'"&$B14&"_"&$C14&"'!"&"A:Z"),COLUMN(H$2),FALSE) -> 0.50556 | J14: =VLOOKUP($A14,INDIRECT("'"&$B14&"_"&$C14&"'!"&"A:Z"),COLUMN(O$1),FALSE) -> 0.0052 | K14: =VLOOKUP($A14,INDIRECT("'"&$B14&"_"&$C14&"'!"&"A:Z"),COLUMN(P$1),FALSE) -> -0.1024 | L14: =VLOOKUP($A14,INDIRECT("'"&$B14&"_"&$C14&"'!"&"A:Z"),COLUMN(Q$1),FALSE) -> 0.0947 | M14: =VLOOKUP($A14,INDIRECT("'"&$B14&"_"&$C14&"'!"&"A:Z"),COLUMN(R$1),FALSE) -> -0.0077 | N14: =VLOOKUP($A14,INDIRECT("'"&$B14&"_"&$C14&"'!"&"A:Z"),COLUMN(Y$1),FALSE) -> -0.0025 | O14: =VLOOKUP($A14,INDIRECT("'"&$B14&"_"&$C14&"'!"&"A:Z"),COLUMN($T$1),FALSE) -> 4.295 | P14: =VLOOKUP($A14,INDIRECT("'"&$B14&"_"&$C14&"'!"&"A:Z"),COLUMN($U$1),FALSE) -> 0 | Q14: =VLOOKUP($A14,INDIRECT("'"&$B14&"_"&$C14&"'!"&"A:Z"),COLUMN($M$1),FALSE) -> -77.5032 | R14: =Q14-Q$54 -> 0.0529 | S14: =SUM(R14:R16) -> 0.128 | T14: =S14+S72 -> 0.1896 | U14: =ABS(E14-E$54)+ABS(F14-F$54) -> 0.0981 | V14: =U14+U72 -> 0.1738
A15: B | B15: Mg | C15: PBE0D3 | D15: =VLOOKUP($A15,INDIRECT("'"&$B15&"_"&$C15&"'!"&"A:Z"),COLUMN(B$1),FALSE) -> Zn_Mg_C_PBE0D3_500 | E15: =VLOOKUP($A15,INDIRECT("'"&$B15&"_"&$C15&"'!"&"A:Z"),COLUMN(D$1),FALSE) -> 3.3698 | F15: =VLOOKUP($A15,INDIRECT("'"&$B15&"_"&$C15&"'!"&"A:Z"),COLUMN(E$2),FALSE) -> 4.5701 | G15: =VLOOKUP($A15,INDIRECT("'"&$B15&"_"&$C15&"'!"&"A:Z"),COLUMN(F$2),FALSE) -> 0.2724785 | H15: =VLOOKUP($A15,INDIRECT("'"&$B15&"_"&$C15&"'!"&"A:Z"),COLUMN(G$2),FALSE) -> 0.23442328 | I15: =VLOOKUP($A15,INDIRECT("'"&$B15&"_"&$C15&"'!"&"A:Z"),COLUMN(H$2),FALSE) -> 0.502384 | J15: =VLOOKUP($A15,INDIRECT("'"&$B15&"_"&$C15&"'!"&"A:Z"),COLUMN(O$1),FALSE) -> 0.0735 | K15: =VLOOKUP($A15,INDIRECT("'"&$B15&"_"&$C15&"'!"&"A:Z"),COLUMN(P$1),FALSE) -> 0.0282 | L15: =VLOOKUP($A15,INDIRECT("'"&$B15&"_"&$C15&"'!"&"A:Z"),COLUMN(Q$1),FALSE) -> 0.0289 | M15: =VLOOKUP($A15,INDIRECT("'"&$B15&"_"&$C15&"'!"&"A:Z"),COLUMN(R$1),FALSE) -> 0.0571 | N15: =VLOOKUP($A15,INDIRECT("'"&$B15&"_"&$C15&"'!"&"A:Z"),COLUMN(Y$1),FALSE) -> 0.1306 | O15: =VLOOKUP($A15,INDIRECT("'"&$B15&"_"&$C15&"'!"&"A:Z"),COLUMN(T$1),FALSE) -> 4.192 | P15: =VLOOKUP($A15,INDIRECT("'"&$B15&"_"&$C15&"'!"&"A:Z"),COLUMN(U$1),FALSE) -> 0 | Q15: {=INDIRECT("'"&$B15&"_"&$C15&"'!"&"M30")} -> -77.4384 | R15: =Q15-Q$55 -> 0.0463
A16: C | B16: Mg | C16: PBE0D3 | D16: =VLOOKUP($A16,INDIRECT("'"&$B16&"_"&$C16&"'!"&"A:Z"),COLUMN(B$1),FALSE) -> Zn_Mg_C_PBE0D3_000 | E16: =VLOOKUP($A16,INDIRECT("'"&$B16&"_"&$C16&"'!"&"A:Z"),COLUMN(D$1),FALSE) -> 3.4494 | F16: =VLOOKUP($A16,INDIRECT("'"&$B16&"_"&$C16&"'!"&"A:Z"),COLUMN(E$2),FALSE) -> 4.2458 | G16: =VLOOKUP($A16,INDIRECT("'"&$B16&"_"&$C16&"'!"&"A:Z"),COLUMN(F$2),FALSE) -> 0 | H16: =VLOOKUP($A16,INDIRECT("'"&$B16&"_"&$C16&"'!"&"A:Z"),COLUMN(G$2),FALSE) -> 0 | I16: =VLOOKUP($A16,INDIRECT("'"&$B16&"_"&$C16&"'!"&"A:Z"),COLUMN(H$2),FALSE) -> 0.5 | J16: =VLOOKUP($A16,INDIRECT("'"&$B16&"_"&$C16&"'!"&"A:Z"),COLUMN(O$1),FALSE) -> 0 | K16: =VLOOKUP($A16,INDIRECT("'"&$B16&"_"&$C16&"'!"&"A:Z"),COLUMN(P$1),FALSE) -> 0 | L16: =VLOOKUP($A16,INDIRECT("'"&$B16&"_"&$C16&"'!"&"A:Z"),COLUMN(Q$1),FALSE) -> 0 | M16: =VLOOKUP($A16,INDIRECT("'"&$B16&"_"&$C16&"'!"&"A:Z"),COLUMN(R$1),FALSE) -> 0 | N16: =VLOOKUP($A16,INDIRECT("'"&$B16&"_"&$C16&"'!"&"A:Z"),COLUMN(Y$1),FALSE) -> 0 | O16: =VLOOKUP($A16,INDIRECT("'"&$B16&"_"&$C16&"'!"&"A:Z"),COLUMN(T$1),FALSE) -> 3.745 | P16: =VLOOKUP($A16,INDIRECT("'"&$B16&"_"&$C16&"'!"&"A:Z"),COLUMN(U$1),FALSE) -> 0 | Q16: =VLOOKUP($A16,INDIRECT("'"&$B16&"_"&$C16&"'!"&"A:Z"),COLUMN(M$1),FALSE) -> -77.4955 | R16: =Q16-Q$56 -> 0.0288
A17: V | B17: Mg | C17: PBE0D3 | D17: =VLOOKUP($A17,INDIRECT("'"&$B17&"_"&$C17&"'!"&"A:Z"),COLUMN(B$1),FALSE) -> Zn_Mg_C_PBE0D3_ver | E17: =VLOOKUP($A17,INDIRECT("'"&$B17&"_"&$C17&"'!"&"A:Z"),COLUMN(D$1),FALSE) -> 3.2452 | F17: =VLOOKUP($A17,INDIRECT("'"&$B17&"_"&$C17&"'!"&"A:Z"),COLUMN(E$2),FALSE) -> 5.0967 | G17: =VLOOKUP($A17,INDIRECT("'"&$B17&"_"&$C17&"'!"&"A:Z"),COLUMN(F$2),FALSE) -> 0 | H17: =VLOOKUP($A17,INDIRECT("'"&$B17&"_"&$C17&"'!"&"A:Z"),COLUMN(G$2),FALSE) -> 0 | I17: =VLOOKUP($A17,INDIRECT("'"&$B17&"_"&$C17&"'!"&"A:Z"),COLUMN(H$2),FALSE) -> 0.5 | J17: =VLOOKUP($A17,INDIRECT("'"&$B17&"_"&$C17&"'!"&"A:Z"),COLUMN(O$1),FALSE) -> 0.5971 | K17: =VLOOKUP($A17,INDIRECT("'"&$B17&"_"&$C17&"'!"&"A:Z"),COLUMN(P$1),FALSE) -> 58.5176 | L17: =VLOOKUP($A17,INDIRECT("'"&$B17&"_"&$C17&"'!"&"A:Z"),COLUMN(Q$1),FALSE) -> 18.9779 | M17: =VLOOKUP($A17,INDIRECT("'"&$B17&"_"&$C17&"'!"&"A:Z"),COLUMN(R$1),FALSE) -> 77.4955 | N17: =VLOOKUP($A17,INDIRECT("'"&$B17&"_"&$C17&"'!"&"A:Z"),COLUMN(Y$1),FALSE) -> 78.0926 | O17: =VLOOKUP($A17,INDIRECT("'"&$B17&"_"&$C17&"'!"&"A:Z"),COLUMN(T$1),FALSE) -> 4.125 | P17: =VLOOKUP($A17,INDIRECT("'"&$B17&"_"&$C17&"'!"&"A:Z"),COLUMN(U$1),FALSE) -> 0 | Q17: =VLOOKUP($A17,INDIRECT("'"&$B17&"_"&$C17&"'!"&"A:Z"),COLUMN(M$1),FALSE) -> 0
I18: B-A | J18: =J15-J14 -> 0.0683 | K18: =K15-K14 -> 0.1306 | L18: =L15-L14 -> -0.0658 | M18: =M15-M14 -> 0.0648 | N18: =N15-N14 -> 0.1331
A19: A | B19: Mg | C19: PBE0 | D19: =VLOOKUP($A19,INDIRECT("'"&$B19&"_"&$C19&"'!"&"A:Z"),COLUMN(B$1),FALSE) -> Zn_Mg_C_PBE0_999 | E19: =VLOOKUP($A19,INDIRECT("'"&$B19&"_"&$C19&"'!"&"A:Z"),COLUMN(D$1),FALSE) -> 3.2669 | F19: =VLOOKUP($A19,INDIRECT("'"&$B19&"_"&$C19&"'!"&"A:Z"),COLUMN(E$2),FALSE) -> 5.1502 | G19: =VLOOKUP($A19,INDIRECT("'"&$B19&"_"&$C19&"'!"&"A:Z"),COLUMN(F$2),FALSE) -> 0.62341111 | H19: =VLOOKUP($A19,INDIRECT("'"&$B19&"_"&$C19&"'!"&"A:Z"),COLUMN(G$2),FALSE) -> 0.55517611 | I19: =VLOOKUP($A19,INDIRECT("'"&$B19&"_"&$C19&"'!"&"A:Z"),COLUMN(H$2),FALSE) -> 0.50555 | J19: =VLOOKUP($A19,INDIRECT("'"&$B19&"_"&$C19&"'!"&"A:Z"),COLUMN(O$1),FALSE) -> -0.054 | K19: =VLOOKUP($A19,INDIRECT("'"&$B19&"_"&$C19&"'!"&"A:Z"),COLUMN(P$1),FALSE) -> -0.1094 | L19: =VLOOKUP($A19,INDIRECT("'"&$B19&"_"&$C19&"'!"&"A:Z"),COLUMN(Q$1),FALSE) -> 0.0937 | M19: =VLOOKUP($A19,INDIRECT("'"&$B19&"_"&$C19&"'!"&"A:Z"),COLUMN(R$1),FALSE) -> -0.0157 | N19: =VLOOKUP($A19,INDIRECT("'"&$B19&"_"&$C19&"'!"&"A:Z"),COLUMN(Y$1),FALSE) -> -0.0614 | O19: =VLOOKUP($A19,INDIRECT("'"&$B19&"_"&$C19&"'!"&"A:Z"),COLUMN($T$1),FALSE) -> 4.213 | P19: =VLOOKUP($A19,INDIRECT("'"&$B19&"_"&$C19&"'!"&"A:Z"),COLUMN($U$1),FALSE) -> 12.422 | Q19: =VLOOKUP($A19,INDIRECT("'"&$B19&"_"&$C19&"'!"&"A:Z"),COLUMN($M$1),FALSE) -> -77.5353 | R19: =Q19-Q$54 -> 0.0208 | S19: =SUM(R19:R21) -> 0.0255 | T19: =S19+S77 -> 0.0271 | U19: =ABS(E19-E$54)+ABS(F19-F$54) -> 0.0527 | V19: =U19+U77 -> 0.1345
A20: B | B20: Mg | C20: PBE0 | D20: =VLOOKUP($A20,INDIRECT("'"&$B20&"_"&$C20&"'!"&"A:Z"),COLUMN(B$1),FALSE) -> Zn_Mg_C_PBE0_438 | E20: =VLOOKUP($A20,INDIRECT("'"&$B20&"_"&$C20&"'!"&"A:Z"),COLUMN(D$1),FALSE) -> 3.4032 | F20: =VLOOKUP($A20,INDIRECT("'"&$B20&"_"&$C20&"'!"&"A:Z"),COLUMN(E$2),FALSE) -> 4.5756 | G20: =VLOOKUP($A20,INDIRECT("'"&$B20&"_"&$C20&"'!"&"A:Z"),COLUMN(F$2),FALSE) -> 0.24738439 | H20: =VLOOKUP($A20,INDIRECT("'"&$B20&"_"&$C20&"'!"&"A:Z"),COLUMN(G$2),FALSE) -> 0.21312687 | I20: =VLOOKUP($A20,INDIRECT("'"&$B20&"_"&$C20&"'!"&"A:Z"),COLUMN(H$2),FALSE) -> 0.503537 | J20: =VLOOKUP($A20,INDIRECT("'"&$B20&"_"&$C20&"'!"&"A:Z"),COLUMN(O$1),FALSE) -> 0.0478 | K20: =VLOOKUP($A20,INDIRECT("'"&$B20&"_"&$C20&"'!"&"A:Z"),COLUMN(P$1),FALSE) -> 0.0275 | L20: =VLOOKUP($A20,INDIRECT("'"&$B20&"_"&$C20&"'!"&"A:Z"),COLUMN(Q$1),FALSE) -> 0.0192 | M20: =VLOOKUP($A20,INDIRECT("'"&$B20&"_"&$C20&"'!"&"A:Z"),COLUMN(R$1),FALSE) -> 0.0467 | N20: =VLOOKUP($A20,INDIRECT("'"&$B20&"_"&$C20&"'!"&"A:Z"),COLUMN(Y$1),FALSE) -> 0.0267 | O20: =VLOOKUP($A20,INDIRECT("'"&$B20&"_"&$C20&"'!"&"A:Z"),COLUMN(T$1),FALSE) -> 4.043 | P20: =VLOOKUP($A20,INDIRECT("'"&$B20&"_"&$C20&"'!"&"A:Z"),COLUMN(U$1),FALSE) -> 12.275 | Q20: {=INDIRECT("'"&$B20&"_"&$C20&"'!"&"M30")} -> -77.4847 | R20: =Q20-Q$55 -> 0
A21: C | B21: Mg | C21: PBE0 | D21: =VLOOKUP($A21,INDIRECT("'"&$B21&"_"&$C21&"'!"&"A:Z"),COLUMN(B$1),FALSE) -> Zn_Mg_C_PBE0_000 | E21: =VLOOKUP($A21,INDIRECT("'"&$B21&"_"&$C21&"'!"&"A:Z"),COLUMN(D$1),FALSE) -> 3.4771 | F21: =VLOOKUP($A21,INDIRECT("'"&$B21&"_"&$C21&"'!"&"A:Z"),COLUMN(E$2),FALSE) -> 4.2837 | G21: =VLOOKUP($A21,INDIRECT("'"&$B21&"_"&$C21&"'!"&"A:Z"),COLUMN(F$2),FALSE) -> 0 | H21: =VLOOKUP($A21,INDIRECT("'"&$B21&"_"&$C21&"'!"&"A:Z"),COLUMN(G$2),FALSE) -> 0 | I21: =VLOOKUP($A21,INDIRECT("'"&$B21&"_"&$C21&"'!"&"A:Z"),COLUMN(H$2),FALSE) -> 0.5 | J21: =VLOOKUP($A21,INDIRECT("'"&$B21&"_"&$C21&"'!"&"A:Z"),COLUMN(O$1),FALSE) -> 0 | K21: =VLOOKUP($A21,INDIRECT("'"&$B21&"_"&$C21&"'!"&"A:Z"),COLUMN(P$1),FALSE) -> 0 | L21: =VLOOKUP($A21,INDIRECT("'"&$B21&"_"&$C21&"'!"&"A:Z"),COLUMN(Q$1),FALSE) -> 0 | M21: =VLOOKUP($A21,INDIRECT("'"&$B21&"_"&$C21&"'!"&"A:Z"),COLUMN(R$1),FALSE) -> 0 | N21: =VLOOKUP($A21,INDIRECT("'"&$B21&"_"&$C21&"'!"&"A:Z"),COLUMN(Y$1),FALSE) -> 0 | O21: =VLOOKUP($A21,INDIRECT("'"&$B21&"_"&$C21&"'!"&"A:Z"),COLUMN(T$1),FALSE) -> 3.663 | P21: =VLOOKUP($A21,INDIRECT("'"&$B21&"_"&$C21&"'!"&"A:Z"),COLUMN(U$1),FALSE) -> 11.848 | Q21: =VLOOKUP($A21,INDIRECT("'"&$B21&"_"&$C21&"'!"&"A:Z"),COLUMN(M$1),FALSE) -> -77.5196 | R21: =Q21-Q$56 -> 0.0047
A22: V | B22: Mg | C22: PBE0 | D22: =VLOOKUP($A22,INDIRECT("'"&$B22&"_"&$C22&"'!"&"A:Z"),COLUMN(B$1),FALSE) -> Zn_Mg_C_PBE0_ver | E22: =VLOOKUP($A22,INDIRECT("'"&$B22&"_"&$C22&"'!"&"A:Z"),COLUMN(D$1),FALSE) -> 3.267 | F22: =VLOOKUP($A22,INDIRECT("'"&$B22&"_"&$C22&"'!"&"A:Z"),COLUMN(E$2),FALSE) -> 5.1502 | G22: =VLOOKUP($A22,INDIRECT("'"&$B22&"_"&$C22&"'!"&"A:Z"),COLUMN(F$2),FALSE) -> 0 | H22: =VLOOKUP($A22,INDIRECT("'"&$B22&"_"&$C22&"'!"&"A:Z"),COLUMN(G$2),FALSE) -> 0 | I22: =VLOOKUP($A22,INDIRECT("'"&$B22&"_"&$C22&"'!"&"A:Z"),COLUMN(H$2),FALSE) -> 0.5 | J22: =VLOOKUP($A22,INDIRECT("'"&$B22&"_"&$C22&"'!"&"A:Z"),COLUMN(O$1),FALSE) -> 0.5153 | K22: =VLOOKUP($A22,INDIRECT("'"&$B22&"_"&$C22&"'!"&"A:Z"),COLUMN(P$1),FALSE) -> 58.5259 | L22: =VLOOKUP($A22,INDIRECT("'"&$B22&"_"&$C22&"'!"&"A:Z"),COLUMN(Q$1),FALSE) -> 18.9937 | M22: =VLOOKUP($A22,INDIRECT("'"&$B22&"_"&$C22&"'!"&"A:Z"),COLUMN(R$1),FALSE) -> 77.5196 | N22: =VLOOKUP($A22,INDIRECT("'"&$B22&"_"&$C22&"'!"&"A:Z"),COLUMN(Y$1),FALSE) -> 77.4743 | O22: =VLOOKUP($A22,INDIRECT("'"&$B22&"_"&$C22&"'!"&"A:Z"),COLUMN(T$1),FALSE) -> 4.063 | P22: =VLOOKUP($A22,INDIRECT("'"&$B22&"_"&$C22&"'!"&"A:Z"),COLUMN(U$1),FALSE) -> 12.416 | Q22: =VLOOKUP($A22,INDIRECT("'"&$B22&"_"&$C22&"'!"&"A:Z"),COLUMN(M$1),FALSE) -> 0
I23: B-A | J23: =J20-J19 -> 0.1018 | K23: =K20-K19 -> 0.1369 | L23: =L20-L19 -> -0.0745 | M23: =M20-M19 -> 0.0624 | N23: =N20-N19 -> 0.0881
A24: A | B24: Mg | C24: PBESolD3 | D24: =VLOOKUP($A24,INDIRECT("'"&$B24&"_"&$C24&"'!"&"A:Z"),COLUMN(B$1),FALSE) -> Zn_Mg_C_PBESolD3_999 | E24: =VLOOKUP($A24,INDIRECT("'"&$B24&"_"&$C24&"'!"&"A:Z"),COLUMN(D$1),FALSE) -> 3.2513 | F24: =VLOOKUP($A24,INDIRECT("'"&$B24&"_"&$C24&"'!"&"A:Z"),COLUMN(E$2),FALSE) -> 5.0807 | G24: =VLOOKUP($A24,INDIRECT("'"&$B24&"_"&$C24&"'!"&"A:Z"),COLUMN(F$2),FALSE) -> 0.59855727 | H24: =VLOOKUP($A24,INDIRECT("'"&$B24&"_"&$C24&"'!"&"A:Z"),COLUMN(G$2),FALSE) -> 0.534764 | I24: =VLOOKUP($A24,INDIRECT("'"&$B24&"_"&$C24&"'!"&"A:Z"),COLUMN(H$2),FALSE) -> 0.506655 | J24: =VLOOKUP($A24,INDIRECT("'"&$B24&"_"&$C24&"'!"&"A:Z"),COLUMN(O$1),FALSE) -> 0.0382 | K24: =VLOOKUP($A24,INDIRECT("'"&$B24&"_"&$C24&"'!"&"A:Z"),COLUMN(P$1),FALSE) -> -0.0966 | L24: =VLOOKUP($A24,INDIRECT("'"&$B24&"_"&$C24&"'!"&"A:Z"),COLUMN(Q$1),FALSE) -> 0.0934 | M24: =VLOOKUP($A24,INDIRECT("'"&$B24&"_"&$C24&"'!"&"A:Z"),COLUMN(R$1),FALSE) -> -0.0032 | N24: =VLOOKUP($A24,INDIRECT("'"&$B24&"_"&$C24&"'!"&"A:Z"),COLUMN(Y$1),FALSE) -> 0.035 | O24: =VLOOKUP($A24,INDIRECT("'"&$B24&"_"&$C24&"'!"&"A:Z"),COLUMN($T$1),FALSE) -> 1.753 | P24: =VLOOKUP($A24,INDIRECT("'"&$B24&"_"&$C24&"'!"&"A:Z"),COLUMN($U$1),FALSE) -> 0 | Q24: =VLOOKUP($A24,INDIRECT("'"&$B24&"_"&$C24&"'!"&"A:Z"),COLUMN($M$1),FALSE) -> -77.5069 | R24: =Q24-Q$54 -> 0.0492 | S24: =SUM(R24:R26) -> 0.1016 | T24: =S24+S82 -> 0.1875 | U24: =ABS(E24-E$54)+ABS(F24-F$54) -> 0.108 | V24: =U24+U82 -> 0.2161
A25: B | B25: Mg | C25: PBESolD3 | D25: =VLOOKUP($A25,INDIRECT("'"&$B25&"_"&$C25&"'!"&"A:Z"),COLUMN(B$1),FALSE) -> Zn_Mg_C_PBESolD3_563 | E25: =VLOOKUP($A25,INDIRECT("'"&$B25&"_"&$C25&"'!"&"A:Z"),COLUMN(D$1),FALSE) -> 3.359 | F25: =VLOOKUP($A25,INDIRECT("'"&$B25&"_"&$C25&"'!"&"A:Z"),COLUMN(E$2),FALSE) -> 4.6343 | G25: =VLOOKUP($A25,INDIRECT("'"&$B25&"_"&$C25&"'!"&"A:Z"),COLUMN(F$2),FALSE) -> 0.31263451 | H25: =VLOOKUP($A25,INDIRECT("'"&$B25&"_"&$C25&"'!"&"A:Z"),COLUMN(G$2),FALSE) -> 0.27154217 | I25: =VLOOKUP($A25,INDIRECT("'"&$B25&"_"&$C25&"'!"&"A:Z"),COLUMN(H$2),FALSE) -> 0.504937 | J25: =VLOOKUP($A25,INDIRECT("'"&$B25&"_"&$C25&"'!"&"A:Z"),COLUMN(O$1),FALSE) -> 0.0836 | O25: =VLOOKUP($A25,INDIRECT("'"&$B25&"_"&$C25&"'!"&"A:Z"),COLUMN(T$1),FALSE) -> 1.774 | P25: =VLOOKUP($A25,INDIRECT("'"&$B25&"_"&$C25&"'!"&"A:Z"),COLUMN(U$1),FALSE) -> 0 | Q25: {=INDIRECT("'"&$B25&"_"&$C25&"'!"&"M30")} -> -77.4529 | R25: =Q25-Q$55 -> 0.0318
A26: C | B26: Mg | C26: PBESolD3 | D26: =VLOOKUP($A26,INDIRECT("'"&$B26&"_"&$C26&"'!"&"A:Z"),COLUMN(B$1),FALSE) -> Zn_Mg_C_PBESolD3_000 | E26: =VLOOKUP($A26,INDIRECT("'"&$B26&"_"&$C26&"'!"&"A:Z"),COLUMN(D$1),FALSE) -> 3.4541 | F26: =VLOOKUP($A26,INDIRECT("'"&$B26&"_"&$C26&"'!"&"A:Z"),COLUMN(E$2),FALSE) -> 4.2457 | G26: =VLOOKUP($A26,INDIRECT("'"&$B26&"_"&$C26&"'!"&"A:Z"),COLUMN(F$2),FALSE) -> 0 | H26: =VLOOKUP($A26,INDIRECT("'"&$B26&"_"&$C26&"'!"&"A:Z"),COLUMN(G$2),FALSE) -> 0 | I26: =VLOOKUP($A26,INDIRECT("'"&$B26&"_"&$C26&"'!"&"A:Z"),COLUMN(H$2),FALSE) -> 0.5 | J26: =VLOOKUP($A26,INDIRECT("'"&$B26&"_"&$C26&"'!"&"A:Z"),COLUMN(O$1),FALSE) -> 0 | K26: =VLOOKUP($A26,INDIRECT("'"&$B26&"_"&$C26&"'!"&"A:Z"),COLUMN(P$1),FALSE) -> 0 | L26: =VLOOKUP($A26,INDIRECT("'"&$B26&"_"&$C26&"'!"&"A:Z"),COLUMN(Q$1),FALSE) -> 0 | M26: =VLOOKUP($A26,INDIRECT("'"&$B26&"_"&$C26&"'!"&"A:Z"),COLUMN(R$1),FALSE) -> 0 | N26: =VLOOKUP($A26,INDIRECT("'"&$B26&"_"&$C26&"'!"&"A:Z"),COLUMN(Y$1),FALSE) -> 0 | O26: =VLOOKUP($A26,INDIRECT("'"&$B26&"_"&$C26&"'!"&"A:Z"),COLUMN(T$1),FALSE) -> 1.225 | P26: =VLOOKUP($A26,INDIRECT("'"&$B26&"_"&$C26&"'!"&"A:Z"),COLUMN(U$1),FALSE) -> 0 | Q26: =VLOOKUP($A26,INDIRECT("'"&$B26&"_"&$C26&"'!"&"A:Z"),COLUMN(M$1),FALSE) -> -77.5037 | R26: =Q26-Q$56 -> 0.0206
A27: V | B27: Mg | C27: PBESolD3 | D27: =VLOOKUP($A27,INDIRECT("'"&$B27&"_"&$C27&"'!"&"A:Z"),COLUMN(B$1),FALSE) -> Zn_Mg_C_PBESolD3_ver | E27: =VLOOKUP($A27,INDIRECT("'"&$B27&"_"&$C27&"'!"&"A:Z"),COLUMN(D$1),FALSE) -> 3.2513 | F27: =VLOOKUP($A27,INDIRECT("'"&$B27&"_"&$C27&"'!"&"A:Z"),COLUMN(E$2),FALSE) -> 5.0807 | G27: =VLOOKUP($A27,INDIRECT("'"&$B27&"_"&$C27&"'!"&"A:Z"),COLUMN(F$2),FALSE) -> 0 | H27: =VLOOKUP($A27,INDIRECT("'"&$B27&"_"&$C27&"'!"&"A:Z"),COLUMN(G$2),FALSE) -> 0 | I27: =VLOOKUP($A27,INDIRECT("'"&$B27&"_"&$C27&"'!"&"A:Z"),COLUMN(H$2),FALSE) -> 0.5 | J27: =VLOOKUP($A27,INDIRECT("'"&$B27&"_"&$C27&"'!"&"A:Z"),COLUMN(O$1),FALSE) -> 0.5765 | K27: =VLOOKUP($A27,INDIRECT("'"&$B27&"_"&$C27&"'!"&"A:Z"),COLUMN(P$1),FALSE) -> 58.5215 | L27: =VLOOKUP($A27,INDIRECT("'"&$B27&"_"&$C27&"'!"&"A:Z"),COLUMN(Q$1),FALSE) -> 18.9822 | M27: =VLOOKUP($A27,INDIRECT("'"&$B27&"_"&$C27&"'!"&"A:Z"),COLUMN(R$1),FALSE) -> 77.5037 | N27: =VLOOKUP($A27,INDIRECT("'"&$B27&"_"&$C27&"'!"&"A:Z"),COLUMN(Y$1),FALSE) -> 78.0802 | O27: =VLOOKUP($A27,INDIRECT("'"&$B27&"_"&$C27&"'!"&"A:Z"),COLUMN(T$1),FALSE) -> 1.548 | P27: =VLOOKUP($A27,INDIRECT("'"&$B27&"_"&$C27&"'!"&"A:Z"),COLUMN(U$1),FALSE) -> 0 | Q27: =VLOOKUP($A27,INDIRECT("'"&$B27&"_"&$C27&"'!"&"A:Z"),COLUMN(M$1),FALSE) -> 0
I28: B-A | J28: =J25-J24 -> 0.0454
A29: A | B29: Mg | C29: PBESol | D29: =VLOOKUP($A29,INDIRECT("'"&$B29&"_"&$C29&"'!"&"A:Z"),COLUMN(B$1),FALSE) -> Zn_Mg_C_PBESol_999 | E29: =VLOOKUP($A29,INDIRECT("'"&$B29&"_"&$C29&"'!"&"A:Z"),COLUMN(D$1),FALSE) -> 3.2684 | F29: =VLOOKUP($A29,INDIRECT("'"&$B29&"_"&$C29&"'!"&"A:Z"),COLUMN(E$2),FALSE) -> 5.129 | G29: =VLOOKUP($A29,INDIRECT("'"&$B29&"_"&$C29&"'!"&"A:Z"),COLUMN(F$2),FALSE) -> 0.61078696 | H29: =VLOOKUP($A29,INDIRECT("'"&$B29&"_"&$C29&"'!"&"A:Z"),COLUMN(G$2),FALSE) -> 0.54767462 | I29: =VLOOKUP($A29,INDIRECT("'"&$B29&"_"&$C29&"'!"&"A:Z"),COLUMN(H$2),FALSE) -> 0.506792 | J29: =VLOOKUP($A29,INDIRECT("'"&$B29&"_"&$C29&"'!"&"A:Z"),COLUMN(O$1),FALSE) -> -0.0106 | K29: =VLOOKUP($A29,INDIRECT("'"&$B29&"_"&$C29&"'!"&"A:Z"),COLUMN(P$1),FALSE) -> -0.1052 | L29: =VLOOKUP($A29,INDIRECT("'"&$B29&"_"&$C29&"'!"&"A:Z"),COLUMN(Q$1),FALSE) -> 0.0904 | M29: =VLOOKUP($A29,INDIRECT("'"&$B29&"_"&$C29&"'!"&"A:Z"),COLUMN(R$1),FALSE) -> -0.0148 | N29: =VLOOKUP($A29,INDIRECT("'"&$B29&"_"&$C29&"'!"&"A:Z"),COLUMN(Y$1),FALSE) -> -0.0254 | O29: =VLOOKUP($A29,INDIRECT("'"&$B29&"_"&$C29&"'!"&"A:Z"),COLUMN($T$1),FALSE) -> 1.703 | P29: =VLOOKUP($A29,INDIRECT("'"&$B29&"_"&$C29&"'!"&"A:Z"),COLUMN($U$1),FALSE) -> 0 | Q29: =VLOOKUP($A29,INDIRECT("'"&$B29&"_"&$C29&"'!"&"A:Z"),COLUMN($M$1),FALSE) -> -77.5339 | R29: =Q29-Q$54 -> 0.0222 | S29: =SUM(R29:R31) -> 0.0398 | T29: =S29+S87 -> 0.0673 | U29: =ABS(E29-E$54)+ABS(F29-F$54) -> 0.0754 | V29: =U29+U87 -> 0.1455
A30: B | B30: Mg | C30: PBESol | D30: =VLOOKUP($A30,INDIRECT("'"&$B30&"_"&$C30&"'!"&"A:Z"),COLUMN(B$1),FALSE) -> Zn_Mg_C_PBESol_500 | E30: =VLOOKUP($A30,INDIRECT("'"&$B30&"_"&$C30&"'!"&"A:Z"),COLUMN(D$1),FALSE) -> 3.3889 | F30: =VLOOKUP($A30,INDIRECT("'"&$B30&"_"&$C30&"'!"&"A:Z"),COLUMN(E$2),FALSE) -> 4.629 | G30: =VLOOKUP($A30,INDIRECT("'"&$B30&"_"&$C30&"'!"&"A:Z"),COLUMN(F$2),FALSE) -> 0.28640086 | H30: =VLOOKUP($A30,INDIRECT("'"&$B30&"_"&$C30&"'!"&"A:Z"),COLUMN(G$2),FALSE) -> 0.24841066 | I30: =VLOOKUP($A30,INDIRECT("'"&$B30&"_"&$C30&"'!"&"A:Z"),COLUMN(H$2),FALSE) -> 0.505725 | J30: =VLOOKUP($A30,INDIRECT("'"&$B30&"_"&$C30&"'!"&"A:Z"),COLUMN(O$1),FALSE) -> 0.0594 | K30: =VLOOKUP($A30,INDIRECT("'"&$B30&"_"&$C30&"'!"&"A:Z"),COLUMN(P$1),FALSE) -> 0.0217 | L30: =VLOOKUP($A30,INDIRECT("'"&$B30&"_"&$C30&"'!"&"A:Z"),COLUMN(Q$1),FALSE) -> 0.0251 | M30: =VLOOKUP($A30,INDIRECT("'"&$B30&"_"&$C30&"'!"&"A:Z"),COLUMN(R$1),FALSE) -> 0.0468 | N30: =VLOOKUP($A30,INDIRECT("'"&$B30&"_"&$C30&"'!"&"A:Z"),COLUMN(Y$1),FALSE) -> 0.1062 | O30: =VLOOKUP($A30,INDIRECT("'"&$B30&"_"&$C30&"'!"&"A:Z"),COLUMN(T$1),FALSE) -> 1.649 | P30: =VLOOKUP($A30,INDIRECT("'"&$B30&"_"&$C30&"'!"&"A:Z"),COLUMN(U$1),FALSE) -> 0 | Q30: {=INDIRECT("'"&$B30&"_"&$C30&"'!"&"M30")} -> -77.4723 | R30: =Q30-Q$55 -> 0.0124
A31: C | B31: Mg | C31: PBESol | D31: =VLOOKUP($A31,INDIRECT("'"&$B31&"_"&$C31&"'!"&"A:Z"),COLUMN(B$1),FALSE) -> Zn_Mg_C_PBESol_000 | E31: =VLOOKUP($A31,INDIRECT("'"&$B31&"_"&$C31&"'!"&"A:Z"),COLUMN(D$1),FALSE) -> 3.4767 | F31: =VLOOKUP($A31,INDIRECT("'"&$B31&"_"&$C31&"'!"&"A:Z"),COLUMN(E$2),FALSE) -> 4.2763 | G31: =VLOOKUP($A31,INDIRECT("'"&$B31&"_"&$C31&"'!"&"A:Z"),COLUMN(F$2),FALSE) -> 0 | H31: =VLOOKUP($A31,INDIRECT("'"&$B31&"_"&$C31&"'!"&"A:Z"),COLUMN(G$2),FALSE) -> 0 | I31: =VLOOKUP($A31,INDIRECT("'"&$B31&"_"&$C31&"'!"&"A:Z"),COLUMN(H$2),FALSE) -> 0.5 | J31: =VLOOKUP($A31,INDIRECT("'"&$B31&"_"&$C31&"'!"&"A:Z"),COLUMN(O$1),FALSE) -> 0 | K31: =VLOOKUP($A31,INDIRECT("'"&$B31&"_"&$C31&"'!"&"A:Z"),COLUMN(P$1),FALSE) -> 0 | L31: =VLOOKUP($A31,INDIRECT("'"&$B31&"_"&$C31&"'!"&"A:Z"),COLUMN(Q$1),FALSE) -> 0 | M31: =VLOOKUP($A31,INDIRECT("'"&$B31&"_"&$C31&"'!"&"A:Z"),COLUMN(R$1),FALSE) -> 0 | N31: =VLOOKUP($A31,INDIRECT("'"&$B31&"_"&$C31&"'!"&"A:Z"),COLUMN(Y$1),FALSE) -> 0 | O31: =VLOOKUP($A31,INDIRECT("'"&$B31&"_"&$C31&"'!"&"A:Z"),COLUMN(T$1),FALSE) -> 1.178 | P31: =VLOOKUP($A31,INDIRECT("'"&$B31&"_"&$C31&"'!"&"A:Z"),COLUMN(U$1),FALSE) -> 0 | Q31: =VLOOKUP($A31,INDIRECT("'"&$B31&"_"&$C31&"'!"&"A:Z"),COLUMN(M$1),FALSE) -> -77.5191 | R31: =Q31-Q$56 -> 0.0052
A32: V | B32: Mg | C32: PBESol | D32: =VLOOKUP($A32,INDIRECT("'"&$B32&"_"&$C32&"'!"&"A:Z"),COLUMN(B$1),FALSE) -> Zn_Mg_C_PBESol_ver | E32: =VLOOKUP($A32,INDIRECT("'"&$B32&"_"&$C32&"'!"&"A:Z"),COLUMN(D$1),FALSE) -> 3.2684 | F32: =VLOOKUP($A32,INDIRECT("'"&$B32&"_"&$C32&"'!"&"A:Z"),COLUMN(E$2),FALSE) -> 5.129 | G32: =VLOOKUP($A32,INDIRECT("'"&$B32&"_"&$C32&"'!"&"A:Z"),COLUMN(F$2),FALSE) -> 0 | H32: =VLOOKUP($A32,INDIRECT("'"&$B32&"_"&$C32&"'!"&"A:Z"),COLUMN(G$2),FALSE) -> 0 | I32: =VLOOKUP($A32,INDIRECT("'"&$B32&"_"&$C32&"'!"&"A:Z"),COLUMN(H$2),FALSE) -> 0.5 | J32: =VLOOKUP($A32,INDIRECT("'"&$B32&"_"&$C32&"'!"&"A:Z"),COLUMN(O$1),FALSE) -> 0.5179 | K32: =VLOOKUP($A32,INDIRECT("'"&$B32&"_"&$C32&"'!"&"A:Z"),COLUMN(P$1),FALSE) -> 58.5262 | L32: =VLOOKUP($A32,INDIRECT("'"&$B32&"_"&$C32&"'!"&"A:Z"),COLUMN(Q$1),FALSE) -> 18.9929 | M32: =VLOOKUP($A32,INDIRECT("'"&$B32&"_"&$C32&"'!"&"A:Z"),COLUMN(R$1),FALSE) -> 77.5191 | N32: =VLOOKUP($A32,INDIRECT("'"&$B32&"_"&$C32&"'!"&"A:Z"),COLUMN(Y$1),FALSE) -> 78.037 | O32: =VLOOKUP($A32,INDIRECT("'"&$B32&"_"&$C32&"'!"&"A:Z"),COLUMN(T$1),FALSE) -> 1.511 | P32: =VLOOKUP($A32,INDIRECT("'"&$B32&"_"&$C32&"'!"&"A:Z"),COLUMN(U$1),FALSE) -> 0 | Q32: =VLOOKUP($A32,INDIRECT("'"&$B32&"_"&$C32&"'!"&"A:Z"),COLUMN(M$1),FALSE) -> 0
I33: B-A | J33: =J30-J29 -> 0.07 | K33: =K30-K29 -> 0.1269 | L33: =L30-L29 -> -0.0653 | M33: =M30-M29 -> 0.0616 | N33: =N30-N29 -> 0.1316
A34: A | B34: Mg | C34: HFD3 | D34: =VLOOKUP($A34,INDIRECT("'"&$B34&"_"&$C34&"'!"&"A:Z"),COLUMN(B$1),FALSE) -> Zn_Mg_C_HFD3_999 | E34: =VLOOKUP($A34,INDIRECT("'"&$B34&"_"&$C34&"'!"&"A:Z"),COLUMN(D$1),FALSE) -> 3.1941 | F34: =VLOOKUP($A34,INDIRECT("'"&$B34&"_"&$C34&"'!"&"A:Z"),COLUMN(E$2),FALSE) -> 4.9122 | G34: =VLOOKUP($A34,INDIRECT("'"&$B34&"_"&$C34&"'!"&"A:Z"),COLUMN(F$2),FALSE) -> 0.55264706 | H34: =VLOOKUP($A34,INDIRECT("'"&$B34&"_"&$C34&"'!"&"A:Z"),COLUMN(G$2),FALSE) -> 0.48761936 | I34: =VLOOKUP($A34,INDIRECT("'"&$B34&"_"&$C34&"'!"&"A:Z"),COLUMN(H$2),FALSE) -> 0.50187 | J34: =VLOOKUP($A34,INDIRECT("'"&$B34&"_"&$C34&"'!"&"A:Z"),COLUMN(O$1),FALSE) -> 0.1516 | K34: =VLOOKUP($A34,INDIRECT("'"&$B34&"_"&$C34&"'!"&"A:Z"),COLUMN(P$1),FALSE) -> -0.0879 | L34: =VLOOKUP($A34,INDIRECT("'"&$B34&"_"&$C34&"'!"&"A:Z"),COLUMN(Q$1),FALSE) -> 0.0844 | M34: =VLOOKUP($A34,INDIRECT("'"&$B34&"_"&$C34&"'!"&"A:Z"),COLUMN(R$1),FALSE) -> -0.0035 | N34: =VLOOKUP($A34,INDIRECT("'"&$B34&"_"&$C34&"'!"&"A:Z"),COLUMN(Y$1),FALSE) -> 0.1481 | O34: =VLOOKUP($A34,INDIRECT("'"&$B34&"_"&$C34&"'!"&"A:Z"),COLUMN($T$1),FALSE) -> 12.767 | P34: =VLOOKUP($A34,INDIRECT("'"&$B34&"_"&$C34&"'!"&"A:Z"),COLUMN($U$1),FALSE) -> 0 | Q34: =VLOOKUP($A34,INDIRECT("'"&$B34&"_"&$C34&"'!"&"A:Z"),COLUMN($M$1),FALSE) -> -77.2931 | R34: =Q34-Q$54 -> 0.263 | S34: =SUM(R34:R36) -> 0.773 | T34: =S34+S92 -> 1.0682 | U34: =ABS(E34-E$54)+ABS(F34-F$54) -> 0.3337 | V34: =U34+U92 -> 0.7353
A35: B | B35: Mg | C35: HFD3 | D35: =VLOOKUP($A35,INDIRECT("'"&$B35&"_"&$C35&"'!"&"A:Z"),COLUMN(B$1),FALSE) -> Zn_Mg_C_HFD3_625 | E35: =VLOOKUP($A35,INDIRECT("'"&$B35&"_"&$C35&"'!"&"A:Z"),COLUMN(D$1),FALSE) -> 3.2927 | F35: =VLOOKUP($A35,INDIRECT("'"&$B35&"_"&$C35&"'!"&"A:Z"),COLUMN(E$2),FALSE) -> 4.4964 | G35: =VLOOKUP($A35,INDIRECT("'"&$B35&"_"&$C35&"'!"&"A:Z"),COLUMN(F$2),FALSE) -> 0.29073722 | H35: =VLOOKUP($A35,INDIRECT("'"&$B35&"_"&$C35&"'!"&"A:Z"),COLUMN(G$2),FALSE) -> 0.25487394 | I35: =VLOOKUP($A35,INDIRECT("'"&$B35&"_"&$C35&"'!"&"A:Z"),COLUMN(H$2),FALSE) -> 0.495513 | J35: =VLOOKUP($A35,INDIRECT("'"&$B35&"_"&$C35&"'!"&"A:Z"),COLUMN(O$1),FALSE) -> 0.1461 | O35: =VLOOKUP($A35,INDIRECT("'"&$B35&"_"&$C35&"'!"&"A:Z"),COLUMN(T$1),FALSE) -> 12.706 | P35: =VLOOKUP($A35,INDIRECT("'"&$B35&"_"&$C35&"'!"&"A:Z"),COLUMN(U$1),FALSE) -> 0 | Q35: {=INDIRECT("'"&$B35&"_"&$C35&"'!"&"M30")} -> -77.2094 | R35: =Q35-Q$55 -> 0.2753
A36: C | B36: Mg | C36: HFD3 | D36: =VLOOKUP($A36,INDIRECT("'"&$B36&"_"&$C36&"'!"&"A:Z"),COLUMN(B$1),FALSE) -> Zn_Mg_C_HFD3_000 | E36: =VLOOKUP($A36,INDIRECT("'"&$B36&"_"&$C36&"'!"&"A:Z"),COLUMN(D$1),FALSE) -> 3.3695 | F36: =VLOOKUP($A36,INDIRECT("'"&$B36&"_"&$C36&"'!"&"A:Z"),COLUMN(E$2),FALSE) -> 4.1753 | G36: =VLOOKUP($A36,INDIRECT("'"&$B36&"_"&$C36&"'!"&"A:Z"),COLUMN(F$2),FALSE) -> 0 | H36: =VLOOKUP($A36,INDIRECT("'"&$B36&"_"&$C36&"'!"&"A:Z"),COLUMN(G$2),FALSE) -> 0 | I36: =VLOOKUP($A36,INDIRECT("'"&$B36&"_"&$C36&"'!"&"A:Z"),COLUMN(H$2),FALSE) -> 0.5 | J36: =VLOOKUP($A36,INDIRECT("'"&$B36&"_"&$C36&"'!"&"A:Z"),COLUMN(O$1),FALSE) -> 0 | K36: =VLOOKUP($A36,INDIRECT("'"&$B36&"_"&$C36&"'!"&"A:Z"),COLUMN(P$1),FALSE) -> 0 | L36: =VLOOKUP($A36,INDIRECT("'"&$B36&"_"&$C36&"'!"&"A:Z"),COLUMN(Q$1),FALSE) -> 0 | M36: =VLOOKUP($A36,INDIRECT("'"&$B36&"_"&$C36&"'!"&"A:Z"),COLUMN(R$1),FALSE) -> 0 | N36: =VLOOKUP($A36,INDIRECT("'"&$B36&"_"&$C36&"'!"&"A:Z"),COLUMN(Y$1),FALSE) -> 0 | O36: =VLOOKUP($A36,INDIRECT("'"&$B36&"_"&$C36&"'!"&"A:Z"),COLUMN(T$1),FALSE) -> 12.177 | P36: =VLOOKUP($A36,INDIRECT("'"&$B36&"_"&$C36&"'!"&"A:Z"),COLUMN(U$1),FALSE) -> 0 | Q36: =VLOOKUP($A36,INDIRECT("'"&$B36&"_"&$C36&"'!"&"A:Z"),COLUMN(M$1),FALSE) -> -77.2896 | R36: =Q36-Q$56 -> 0.2347
A37: V | B37: Mg | C37: HFD3 | D37: =VLOOKUP($A37,INDIRECT("'"&$B37&"_"&$C37&"'!"&"A:Z"),COLUMN(B$1),FALSE) -> Zn_Mg_C_HFD3_ver | E37: =VLOOKUP($A37,INDIRECT("'"&$B37&"_"&$C37&"'!"&"A:Z"),COLUMN(D$1),FALSE) -> 3.1941 | F37: =VLOOKUP($A37,INDIRECT("'"&$B37&"_"&$C37&"'!"&"A:Z"),COLUMN(E$2),FALSE) -> 4.9122 | G37: =VLOOKUP($A37,INDIRECT("'"&$B37&"_"&$C37&"'!"&"A:Z"),COLUMN(F$2),FALSE) -> 0 | H37: =VLOOKUP($A37,INDIRECT("'"&$B37&"_"&$C37&"'!"&"A:Z"),COLUMN(G$2),FALSE) -> 0 | I37: =VLOOKUP($A37,INDIRECT("'"&$B37&"_"&$C37&"'!"&"A:Z"),COLUMN(H$2),FALSE) -> 0.5 | J37: =VLOOKUP($A37,INDIRECT("'"&$B37&"_"&$C37&"'!"&"A:Z"),COLUMN(O$1),FALSE) -> 0.7539 | K37: =VLOOKUP($A37,INDIRECT("'"&$B37&"_"&$C37&"'!"&"A:Z"),COLUMN(P$1),FALSE) -> 58.3548 | L37: =VLOOKUP($A37,INDIRECT("'"&$B37&"_"&$C37&"'!"&"A:Z"),COLUMN(Q$1),FALSE) -> 18.9348 | M37: =VLOOKUP($A37,INDIRECT("'"&$B37&"_"&$C37&"'!"&"A:Z"),COLUMN(R$1),FALSE) -> 77.2896 | N37: =VLOOKUP($A37,INDIRECT("'"&$B37&"_"&$C37&"'!"&"A:Z"),COLUMN(Y$1),FALSE) -> 78.0435 | O37: =VLOOKUP($A37,INDIRECT("'"&$B37&"_"&$C37&"'!"&"A:Z"),COLUMN(T$1),FALSE) -> 12.658 | P37: =VLOOKUP($A37,INDIRECT("'"&$B37&"_"&$C37&"'!"&"A:Z"),COLUMN(U$1),FALSE) -> 0 | Q37: =VLOOKUP($A37,INDIRECT("'"&$B37&"_"&$C37&"'!"&"A:Z"),COLUMN(M$1),FALSE) -> 0 | R37: =Q37-Q$56 -> 77.5243
I38: B-A | J38: =J35-J34 -> -0.0055
A39: A | B39: Mg | C39: HF | D39: =VLOOKUP($A39,INDIRECT("'"&$B39&"_"&$C39&"'!"&"A:Z"),COLUMN(B$1),FALSE) -> Zn_Mg_C_HF_999 | E39: =VLOOKUP($A39,INDIRECT("'"&$B39&"_"&$C39&"'!"&"A:Z"),COLUMN(D$1),FALSE) -> 3.269 | F39: =VLOOKUP($A39,INDIRECT("'"&$B39&"_"&$C39&"'!"&"A:Z"),COLUMN(E$2),FALSE) -> 5.1724 | G39: =VLOOKUP($A39,INDIRECT("'"&$B39&"_"&$C39&"'!"&"A:Z"),COLUMN(F$2),FALSE) -> 0.62662592 | H39: =VLOOKUP($A39,INDIRECT("'"&$B39&"_"&$C39&"'!"&"A:Z"),COLUMN(G$2),FALSE) -> 0.56828124 | I39: =VLOOKUP($A39,INDIRECT("'"&$B39&"_"&$C39&"'!"&"A:Z"),COLUMN(H$2),FALSE) -> 0.501629 | J39: =VLOOKUP($A39,INDIRECT("'"&$B39&"_"&$C39&"'!"&"A:Z"),COLUMN(O$1),FALSE) -> -0.1527 | K39: =VLOOKUP($A39,INDIRECT("'"&$B39&"_"&$C39&"'!"&"A:Z"),COLUMN(P$1),FALSE) -> -0.115 | L39: =VLOOKUP($A39,INDIRECT("'"&$B39&"_"&$C39&"'!"&"A:Z"),COLUMN(Q$1),FALSE) -> 0.0998 | M39: =VLOOKUP($A39,INDIRECT("'"&$B39&"_"&$C39&"'!"&"A:Z"),COLUMN(R$1),FALSE) -> -0.0152 | N39: =VLOOKUP($A39,INDIRECT("'"&$B39&"_"&$C39&"'!"&"A:Z"),COLUMN(Y$1),FALSE) -> -0.1679 | O39: =VLOOKUP($A39,INDIRECT("'"&$B39&"_"&$C39&"'!"&"A:Z"),COLUMN($T$1),FALSE) -> 12.181 | P39: =VLOOKUP($A39,INDIRECT("'"&$B39&"_"&$C39&"'!"&"A:Z"),COLUMN($U$1),FALSE) -> 0 | Q39: =VLOOKUP($A39,INDIRECT("'"&$B39&"_"&$C39&"'!"&"A:Z"),COLUMN($M$1),FALSE) -> -77.5395 | R39: =Q39-Q$54 -> 0.0166 | S39: =SUM(R39:R41) -> 0.0194 | T39: =S39+S97 -> 0.0273 | U39: =ABS(E39-E$54)+ABS(F39-F$54) -> 0.0326 | V39: =U39+U97 -> 0.2086
A40: B | B40: Mg | C40: HF | D40: =VLOOKUP($A40,INDIRECT("'"&$B40&"_"&$C40&"'!"&"A:Z"),COLUMN(B$1),FALSE) -> Zn_Mg_C_HF_313 | E40: =VLOOKUP($A40,INDIRECT("'"&$B40&"_"&$C40&"'!"&"A:Z"),COLUMN(D$1),FALSE) -> 3.4368 | F40: =VLOOKUP($A40,INDIRECT("'"&$B40&"_"&$C40&"'!"&"A:Z"),COLUMN(E$2),FALSE) -> 4.4545 | G40: =VLOOKUP($A40,INDIRECT("'"&$B40&"_"&$C40&"'!"&"A:Z"),COLUMN(F$2),FALSE) -> 0.15137282 | H40: =VLOOKUP($A40,INDIRECT("'"&$B40&"_"&$C40&"'!"&"A:Z"),COLUMN(G$2),FALSE) -> 0.13838795 | I40: =VLOOKUP($A40,INDIRECT("'"&$B40&"_"&$C40&"'!"&"A:Z"),COLUMN(H$2),FALSE) -> 0.496632 | J40: =VLOOKUP($A40,INDIRECT("'"&$B40&"_"&$C40&"'!"&"A:Z"),COLUMN(O$1),FALSE) -> 0.0212 | O40: =VLOOKUP($A40,INDIRECT("'"&$B40&"_"&$C40&"'!"&"A:Z"),COLUMN(T$1),FALSE) -> 11.835 | P40: =VLOOKUP($A40,INDIRECT("'"&$B40&"_"&$C40&"'!"&"A:Z"),COLUMN(U$1),FALSE) -> 0 | Q40: {=INDIRECT("'"&$B40&"_"&$C40&"'!"&"M30")} -> -77.4819 | R40: =Q40-Q$55 -> 0.0028
A41: C | B41: Mg | C41: HF | D41: =VLOOKUP($A41,INDIRECT("'"&$B41&"_"&$C41&"'!"&"A:Z"),COLUMN(B$1),FALSE) -> Zn_Mg_C_HF_000 | E41: =VLOOKUP($A41,INDIRECT("'"&$B41&"_"&$C41&"'!"&"A:Z"),COLUMN(D$1),FALSE) -> 3.4735 | F41: =VLOOKUP($A41,INDIRECT("'"&$B41&"_"&$C41&"'!"&"A:Z"),COLUMN(E$2),FALSE) -> 4.3132 | G41: =VLOOKUP($A41,INDIRECT("'"&$B41&"_"&$C41&"'!"&"A:Z"),COLUMN(F$2),FALSE) -> 0 | H41: =VLOOKUP($A41,INDIRECT("'"&$B41&"_"&$C41&"'!"&"A:Z"),COLUMN(G$2),FALSE) -> 0 | I41: =VLOOKUP($A41,INDIRECT("'"&$B41&"_"&$C41&"'!"&"A:Z"),COLUMN(H$2),FALSE) -> 0.5 | J41: =VLOOKUP($A41,INDIRECT("'"&$B41&"_"&$C41&"'!"&"A:Z"),COLUMN(O$1),FALSE) -> 0 | K41: =VLOOKUP($A41,INDIRECT("'"&$B41&"_"&$C41&"'!"&"A:Z"),COLUMN(P$1),FALSE) -> 0 | L41: =VLOOKUP($A41,INDIRECT("'"&$B41&"_"&$C41&"'!"&"A:Z"),COLUMN(Q$1),FALSE) -> 0 | M41: =VLOOKUP($A41,INDIRECT("'"&$B41&"_"&$C41&"'!"&"A:Z"),COLUMN(R$1),FALSE) -> 0 | N41: =VLOOKUP($A41,INDIRECT("'"&$B41&"_"&$C41&"'!"&"A:Z"),COLUMN(Y$1),FALSE) -> 0 | O41: =VLOOKUP($A41,INDIRECT("'"&$B41&"_"&$C41&"'!"&"A:Z"),COLUMN(T$1),FALSE) -> 11.663 | P41: =VLOOKUP($A41,INDIRECT("'"&$B41&"_"&$C41&"'!"&"A:Z"),COLUMN(U$1),FALSE) -> 0 | Q41: =VLOOKUP($A41,INDIRECT("'"&$B41&"_"&$C41&"'!"&"A:Z"),COLUMN(M$1),FALSE) -> -77.5243 | R41: =Q41-Q$56 -> 0
A42: V | B42: Mg | C42: HF | D42: =VLOOKUP($A42,INDIRECT("'"&$B42&"_"&$C42&"'!"&"A:Z"),COLUMN(B$1),FALSE) -> Zn_Mg_C_HF_ver | E42: =VLOOKUP($A42,INDIRECT("'"&$B42&"_"&$C42&"'!"&"A:Z"),COLUMN(D$1),FALSE) -> 3.269 | F42: =VLOOKUP($A42,INDIRECT("'"&$B42&"_"&$C42&"'!"&"A:Z"),COLUMN(E$2),FALSE) -> 5.1724 | G42: =VLOOKUP($A42,INDIRECT("'"&$B42&"_"&$C42&"'!"&"A:Z"),COLUMN(F$2),FALSE) -> 0 | H42: =VLOOKUP($A42,INDIRECT("'"&$B42&"_"&$C42&"'!"&"A:Z"),COLUMN(G$2),FALSE) -> 0 | I42: =VLOOKUP($A42,INDIRECT("'"&$B42&"_"&$C42&"'!"&"A:Z"),COLUMN(H$2),FALSE) -> 0.5 | J42: =VLOOKUP($A42,INDIRECT("'"&$B42&"_"&$C42&"'!"&"A:Z"),COLUMN(O$1),FALSE) -> 0.4606 | K42: =VLOOKUP($A42,INDIRECT("'"&$B42&"_"&$C42&"'!"&"A:Z"),COLUMN(P$1),FALSE) -> 58.5259 | L42: =VLOOKUP($A42,INDIRECT("'"&$B42&"_"&$C42&"'!"&"A:Z"),COLUMN(Q$1),FALSE) -> 18.9984 | M42: =VLOOKUP($A42,INDIRECT("'"&$B42&"_"&$C42&"'!"&"A:Z"),COLUMN(R$1),FALSE) -> 77.5243 | N42: =VLOOKUP($A42,INDIRECT("'"&$B42&"_"&$C42&"'!"&"A:Z"),COLUMN(Y$1),FALSE) -> 77.9849 | O42: =VLOOKUP($A42,INDIRECT("'"&$B42&"_"&$C42&"'!"&"A:Z"),COLUMN(T$1),FALSE) -> 12.147 | P42: =VLOOKUP($A42,INDIRECT("'"&$B42&"_"&$C42&"'!"&"A:Z"),COLUMN(U$1),FALSE) -> 0 | Q42: =VLOOKUP($A42,INDIRECT("'"&$B42&"_"&$C42&"'!"&"A:Z"),COLUMN(M$1),FALSE) -> 0
I43: B-A | J43: =J40-J39 -> 0.1739
A44: A | B44: Mg | C44: R2SCANRVV10 | D44: =VLOOKUP($A44,INDIRECT("'"&$B44&"_"&$C44&"'!"&"A:Z"),COLUMN(B$1),FALSE) -> Zn_Mg_C_R2SCANRVV10_999 | E44: =VLOOKUP($A44,INDIRECT("'"&$B44&"_"&$C44&"'!"&"A:Z"),COLUMN(D$1),FALSE) -> 3.2752 | F44: =VLOOKUP($A44,INDIRECT("'"&$B44&"_"&$C44&"'!"&"A:Z"),COLUMN(E$2),FALSE) -> 5.1474 | G44: =VLOOKUP($A44,INDIRECT("'"&$B44&"_"&$C44&"'!"&"A:Z"),COLUMN(F$2),FALSE) -> 0.60914846 | H44: =VLOOKUP($A44,INDIRECT("'"&$B44&"_"&$C44&"'!"&"A:Z"),COLUMN(G$2),FALSE) -> 0.55764358 | I44: =VLOOKUP($A44,INDIRECT("'"&$B44&"_"&$C44&"'!"&"A:Z"),COLUMN(H$2),FALSE) -> 0.506139 | J44: =VLOOKUP($A44,INDIRECT("'"&$B44&"_"&$C44&"'!"&"A:Z"),COLUMN(O$1),FALSE) -> -0.0158 | K44: =VLOOKUP($A44,INDIRECT("'"&$B44&"_"&$C44&"'!"&"A:Z"),COLUMN(P$1),FALSE) -> -0.1106 | L44: =VLOOKUP($A44,INDIRECT("'"&$B44&"_"&$C44&"'!"&"A:Z"),COLUMN(Q$1),FALSE) -> 0.0778 | M44: =VLOOKUP($A44,INDIRECT("'"&$B44&"_"&$C44&"'!"&"A:Z"),COLUMN(R$1),FALSE) -> -0.0328 | N44: =VLOOKUP($A44,INDIRECT("'"&$B44&"_"&$C44&"'!"&"A:Z"),COLUMN(Y$1),FALSE) -> -0.0486 | O44: =VLOOKUP($A44,INDIRECT("'"&$B44&"_"&$C44&"'!"&"A:Z"),COLUMN($T$1),FALSE) -> 2.267 | P44: =VLOOKUP($A44,INDIRECT("'"&$B44&"_"&$C44&"'!"&"A:Z"),COLUMN($U$1),FALSE) -> 0 | Q44: =VLOOKUP($A44,INDIRECT("'"&$B44&"_"&$C44&"'!"&"A:Z"),COLUMN($M$1),FALSE) -> -77.5561 | R44: =Q44-Q$54 -> 0 | S44: =SUM(R44:R46) -> 0.0013 | T44: =S44+S102 -> 0.0342 | U44: =ABS(E44-E$54)+ABS(F44-F$54) -> 0.0638 | V44: =U44+U102 -> 0.1198
A45: B | B45: Mg | C45: R2SCANRVV10 | D45: =VLOOKUP($A45,INDIRECT("'"&$B45&"_"&$C45&"'!"&"A:Z"),COLUMN(B$1),FALSE) -> Zn_Mg_C_R2SCANRVV10_500 | E45: =VLOOKUP($A45,INDIRECT("'"&$B45&"_"&$C45&"'!"&"A:Z"),COLUMN(D$1),FALSE) -> 3.3952 | F45: =VLOOKUP($A45,INDIRECT("'"&$B45&"_"&$C45&"'!"&"A:Z"),COLUMN(E$2),FALSE) -> 4.6485 | G45: =VLOOKUP($A45,INDIRECT("'"&$B45&"_"&$C45&"'!"&"A:Z"),COLUMN(F$2),FALSE) -> 0.28730519 | H45: =VLOOKUP($A45,INDIRECT("'"&$B45&"_"&$C45&"'!"&"A:Z"),COLUMN(G$2),FALSE) -> 0.25769425 | I45: =VLOOKUP($A45,INDIRECT("'"&$B45&"_"&$C45&"'!"&"A:Z"),COLUMN(H$2),FALSE) -> 0.505705 | J45: =VLOOKUP($A45,INDIRECT("'"&$B45&"_"&$C45&"'!"&"A:Z"),COLUMN(O$1),FALSE) -> 0.0608 | O45: =VLOOKUP($A45,INDIRECT("'"&$B45&"_"&$C45&"'!"&"A:Z"),COLUMN(T$1),FALSE) -> 2.215 | P45: =VLOOKUP($A45,INDIRECT("'"&$B45&"_"&$C45&"'!"&"A:Z"),COLUMN(U$1),FALSE) -> 0 | Q45: {=INDIRECT("'"&$B45&"_"&$C45&"'!"&"M30")} -> -77.4844 | R45: =Q45-Q$55 -> 0.0003
A46: C | B46: Mg | C46: R2SCANRVV10 | D46: =VLOOKUP($A46,INDIRECT("'"&$B46&"_"&$C46&"'!"&"A:Z"),COLUMN(B$1),FALSE) -> Zn_Mg_C_R2SCANRVV10_000 | E46: =VLOOKUP($A46,INDIRECT("'"&$B46&"_"&$C46&"'!"&"A:Z"),COLUMN(D$1),FALSE) -> 3.4827 | F46: =VLOOKUP($A46,INDIRECT("'"&$B46&"_"&$C46&"'!"&"A:Z"),COLUMN(E$2),FALSE) -> 4.2912 | G46: =VLOOKUP($A46,INDIRECT("'"&$B46&"_"&$C46&"'!"&"A:Z"),COLUMN(F$2),FALSE) -> 0 | H46: =VLOOKUP($A46,INDIRECT("'"&$B46&"_"&$C46&"'!"&"A:Z"),COLUMN(G$2),FALSE) -> 0 | I46: =VLOOKUP($A46,INDIRECT("'"&$B46&"_"&$C46&"'!"&"A:Z"),COLUMN(H$2),FALSE) -> 0.5 | J46: =VLOOKUP($A46,INDIRECT("'"&$B46&"_"&$C46&"'!"&"A:Z"),COLUMN(O$1),FALSE) -> 0 | K46: =VLOOKUP($A46,INDIRECT("'"&$B46&"_"&$C46&"'!"&"A:Z"),COLUMN(P$1),FALSE) -> 0 | L46: =VLOOKUP($A46,INDIRECT("'"&$B46&"_"&$C46&"'!"&"A:Z"),COLUMN(Q$1),FALSE) -> 0 | M46: =VLOOKUP($A46,INDIRECT("'"&$B46&"_"&$C46&"'!"&"A:Z"),COLUMN(R$1),FALSE) -> 0 | N46: =VLOOKUP($A46,INDIRECT("'"&$B46&"_"&$C46&"'!"&"A:Z"),COLUMN(Y$1),FALSE) -> 0 | O46: =VLOOKUP($A46,INDIRECT("'"&$B46&"_"&$C46&"'!"&"A:Z"),COLUMN(T$1),FALSE) -> 1.731 | P46: =VLOOKUP($A46,INDIRECT("'"&$B46&"_"&$C46&"'!"&"A:Z"),COLUMN(U$1),FALSE) -> 0 | Q46: =VLOOKUP($A46,INDIRECT("'"&$B46&"_"&$C46&"'!"&"A:Z"),COLUMN(M$1),FALSE) -> -77.5233 | R46: =Q46-Q$56 -> 0.001
A47: V | B47: Mg | C47: R2SCANRVV10 | D47: =VLOOKUP($A47,INDIRECT("'"&$B47&"_"&$C47&"'!"&"A:Z"),COLUMN(B$1),FALSE) -> Zn_Mg_C_R2SCANRVV10_ver | E47: =VLOOKUP($A47,INDIRECT("'"&$B47&"_"&$C47&"'!"&"A:Z"),COLUMN(D$1),FALSE) -> 3.2752 | F47: =VLOOKUP($A47,INDIRECT("'"&$B47&"_"&$C47&"'!"&"A:Z"),COLUMN(E$2),FALSE) -> 5.1474 | G47: =VLOOKUP($A47,INDIRECT("'"&$B47&"_"&$C47&"'!"&"A:Z"),COLUMN(F$2),FALSE) -> 0 | H47: =VLOOKUP($A47,INDIRECT("'"&$B47&"_"&$C47&"'!"&"A:Z"),COLUMN(G$2),FALSE) -> 0 | I47: =VLOOKUP($A47,INDIRECT("'"&$B47&"_"&$C47&"'!"&"A:Z"),COLUMN(H$2),FALSE) -> 0.5 | J47: =VLOOKUP($A47,INDIRECT("'"&$B47&"_"&$C47&"'!"&"A:Z"),COLUMN(O$1),FALSE) -> 0.5488 | K47: =VLOOKUP($A47,INDIRECT("'"&$B47&"_"&$C47&"'!"&"A:Z"),COLUMN(P$1),FALSE) -> 58.5245 | L47: =VLOOKUP($A47,INDIRECT("'"&$B47&"_"&$C47&"'!"&"A:Z"),COLUMN(Q$1),FALSE) -> 18.9988 | M47: =VLOOKUP($A47,INDIRECT("'"&$B47&"_"&$C47&"'!"&"A:Z"),COLUMN(R$1),FALSE) -> 77.5233 | N47: =VLOOKUP($A47,INDIRECT("'"&$B47&"_"&$C47&"'!"&"A:Z"),COLUMN(Y$1),FALSE) -> 78.0721 | O47: =VLOOKUP($A47,INDIRECT("'"&$B47&"_"&$C47&"'!"&"A:Z"),COLUMN(T$1),FALSE) -> 2.052 | P47: =VLOOKUP($A47,INDIRECT("'"&$B47&"_"&$C47&"'!"&"A:Z"),COLUMN(U$1),FALSE) -> 0 | Q47: =VLOOKUP($A47,INDIRECT("'"&$B47&"_"&$C47&"'!"&"A:Z"),COLUMN(M$1),FALSE) -> 0
I48: B-A | J48: =J45-J44 -> 0.0766
A49: A | B49: Mg | C49: R2SCAN | D49: =VLOOKUP($A49,INDIRECT("'"&$B49&"_"&$C49&"'!"&"A:Z"),COLUMN(B$1),FALSE) -> Zn_Mg_C_R2SCAN_999 | E49: =VLOOKUP($A49,INDIRECT("'"&$B49&"_"&$C49&"'!"&"A:Z"),COLUMN(D$1),FALSE) -> 3.2821 | F49: =VLOOKUP($A49,INDIRECT("'"&$B49&"_"&$C49&"'!"&"A:Z"),COLUMN(E$2),FALSE) -> 5.1593 | G49: =VLOOKUP($A49,INDIRECT("'"&$B49&"_"&$C49&"'!"&"A:Z"),COLUMN(F$2),FALSE) -> 0.611181 | H49: =VLOOKUP($A49,INDIRECT("'"&$B49&"_"&$C49&"'!"&"A:Z"),COLUMN(G$2),FALSE) -> 0.55894308 | I49: =VLOOKUP($A49,INDIRECT("'"&$B49&"_"&$C49&"'!"&"A:Z"),COLUMN(H$2),FALSE) -> 0.506216 | J49: =VLOOKUP($A49,INDIRECT("'"&$B49&"_"&$C49&"'!"&"A:Z"),COLUMN(O$1),FALSE) -> -0.0373 | K49: =VLOOKUP($A49,INDIRECT("'"&$B49&"_"&$C49&"'!"&"A:Z"),COLUMN(P$1),FALSE) -> -0.1062 | L49: =VLOOKUP($A49,INDIRECT("'"&$B49&"_"&$C49&"'!"&"A:Z"),COLUMN(Q$1),FALSE) -> 0.0822 | M49: =VLOOKUP($A49,INDIRECT("'"&$B49&"_"&$C49&"'!"&"A:Z"),COLUMN(R$1),FALSE) -> -0.024 | N49: =VLOOKUP($A49,INDIRECT("'"&$B49&"_"&$C49&"'!"&"A:Z"),COLUMN(Y$1),FALSE) -> -0.0613 | O49: =VLOOKUP($A49,INDIRECT("'"&$B49&"_"&$C49&"'!"&"A:Z"),COLUMN($T$1),FALSE) -> 2.311 | P49: =VLOOKUP($A49,INDIRECT("'"&$B49&"_"&$C49&"'!"&"A:Z"),COLUMN($U$1),FALSE) -> 0 | Q49: =VLOOKUP($A49,INDIRECT("'"&$B49&"_"&$C49&"'!"&"A:Z"),COLUMN($M$1),FALSE) -> -77.4993 | R49: =Q49-Q$54 -> 0.0568 | S49: =SUM(R49:R51) -> 0.1541 | T49: =S49+S107 -> 0.1668 | U49: =ABS(E49-E$54)+ABS(F49-F$54) -> 0.0588 | V49: =U49+U107 -> 0.1452
A50: B | B50: Mg | C50: R2SCAN | D50: =VLOOKUP($A50,INDIRECT("'"&$B50&"_"&$C50&"'!"&"A:Z"),COLUMN(B$1),FALSE) -> Zn_Mg_C_R2SCAN_438 | E50: =VLOOKUP($A50,INDIRECT("'"&$B50&"_"&$C50&"'!"&"A:Z"),COLUMN(D$1),FALSE) -> 3.4186 | F50: =VLOOKUP($A50,INDIRECT("'"&$B50&"_"&$C50&"'!"&"A:Z"),COLUMN(E$2),FALSE) -> 4.5855 | G50: =VLOOKUP($A50,INDIRECT("'"&$B50&"_"&$C50&"'!"&"A:Z"),COLUMN(F$2),FALSE) -> 0.24392109 | H50: =VLOOKUP($A50,INDIRECT("'"&$B50&"_"&$C50&"'!"&"A:Z"),COLUMN(G$2),FALSE) -> 0.21779291 | I50: =VLOOKUP($A50,INDIRECT("'"&$B50&"_"&$C50&"'!"&"A:Z"),COLUMN(H$2),FALSE) -> 0.504087 | J50: =VLOOKUP($A50,INDIRECT("'"&$B50&"_"&$C50&"'!"&"A:Z"),COLUMN(O$1),FALSE) -> 0.0524 | O50: =VLOOKUP($A50,INDIRECT("'"&$B50&"_"&$C50&"'!"&"A:Z"),COLUMN(T$1),FALSE) -> 2.136 | P50: =VLOOKUP($A50,INDIRECT("'"&$B50&"_"&$C50&"'!"&"A:Z"),COLUMN(U$1),FALSE) -> 0 | Q50: {=INDIRECT("'"&$B50&"_"&$C50&"'!"&"M30")} -> -77.4364 | R50: =Q50-Q$55 -> 0.0483
A51: C | B51: Mg | C51: R2SCAN | D51: =VLOOKUP($A51,INDIRECT("'"&$B51&"_"&$C51&"'!"&"A:Z"),COLUMN(B$1),FALSE) -> Zn_Mg_C_R2SCAN_000 | E51: =VLOOKUP($A51,INDIRECT("'"&$B51&"_"&$C51&"'!"&"A:Z"),COLUMN(D$1),FALSE) -> 3.4902 | F51: =VLOOKUP($A51,INDIRECT("'"&$B51&"_"&$C51&"'!"&"A:Z"),COLUMN(E$2),FALSE) -> 4.3009 | G51: =VLOOKUP($A51,INDIRECT("'"&$B51&"_"&$C51&"'!"&"A:Z"),COLUMN(F$2),FALSE) -> 0 | H51: =VLOOKUP($A51,INDIRECT("'"&$B51&"_"&$C51&"'!"&"A:Z"),COLUMN(G$2),FALSE) -> 0 | I51: =VLOOKUP($A51,INDIRECT("'"&$B51&"_"&$C51&"'!"&"A:Z"),COLUMN(H$2),FALSE) -> 0.5 | J51: =VLOOKUP($A51,INDIRECT("'"&$B51&"_"&$C51&"'!"&"A:Z"),COLUMN(O$1),FALSE) -> 0 | K51: =VLOOKUP($A51,INDIRECT("'"&$B51&"_"&$C51&"'!"&"A:Z"),COLUMN(P$1),FALSE) -> 0 | L51: =VLOOKUP($A51,INDIRECT("'"&$B51&"_"&$C51&"'!"&"A:Z"),COLUMN(Q$1),FALSE) -> 0 | M51: =VLOOKUP($A51,INDIRECT("'"&$B51&"_"&$C51&"'!"&"A:Z"),COLUMN(R$1),FALSE) -> 0 | N51: =VLOOKUP($A51,INDIRECT("'"&$B51&"_"&$C51&"'!"&"A:Z"),COLUMN(Y$1),FALSE) -> 0 | O51: =VLOOKUP($A51,INDIRECT("'"&$B51&"_"&$C51&"'!"&"A:Z"),COLUMN(T$1),FALSE) -> 1.77 | P51: =VLOOKUP($A51,INDIRECT("'"&$B51&"_"&$C51&"'!"&"A:Z"),COLUMN(U$1),FALSE) -> 0 | Q51: =VLOOKUP($A51,INDIRECT("'"&$B51&"_"&$C51&"'!"&"A:Z"),COLUMN(M$1),FALSE) -> -77.4753 | R51: =Q51-Q$56 -> 0.049
A52: V | B52: Mg | C52: R2SCAN | D52: =VLOOKUP($A52,INDIRECT("'"&$B52&"_"&$C52&"'!"&"A:Z"),COLUMN(B$1),FALSE) -> Zn_Mg_C_R2SCAN_ver | E52: =VLOOKUP($A52,INDIRECT("'"&$B52&"_"&$C52&"'!"&"A:Z"),COLUMN(D$1),FALSE) -> 3.2821 | F52: =VLOOKUP($A52,INDIRECT("'"&$B52&"_"&$C52&"'!"&"A:Z"),COLUMN(E$2),FALSE) -> 5.1593 | G52: =VLOOKUP($A52,INDIRECT("'"&$B52&"_"&$C52&"'!"&"A:Z"),COLUMN(F$2),FALSE) -> 0 | H52: =VLOOKUP($A52,INDIRECT("'"&$B52&"_"&$C52&"'!"&"A:Z"),COLUMN(G$2),FALSE) -> 0 | I52: =VLOOKUP($A52,INDIRECT("'"&$B52&"_"&$C52&"'!"&"A:Z"),COLUMN(H$2),FALSE) -> 0.5 | J52: =VLOOKUP($A52,INDIRECT("'"&$B52&"_"&$C52&"'!"&"A:Z"),COLUMN(O$1),FALSE) -> 0.5178 | K52: =VLOOKUP($A52,INDIRECT("'"&$B52&"_"&$C52&"'!"&"A:Z"),COLUMN(P$1),FALSE) -> 58.5241 | L52: =VLOOKUP($A52,INDIRECT("'"&$B52&"_"&$C52&"'!"&"A:Z"),COLUMN(Q$1),FALSE) -> 18.9512 | M52: =VLOOKUP($A52,INDIRECT("'"&$B52&"_"&$C52&"'!"&"A:Z"),COLUMN(R$1),FALSE) -> 77.4753 | N52: =VLOOKUP($A52,INDIRECT("'"&$B52&"_"&$C52&"'!"&"A:Z"),COLUMN(Y$1),FALSE) -> 77.9931 | O52: =VLOOKUP($A52,INDIRECT("'"&$B52&"_"&$C52&"'!"&"A:Z"),COLUMN(T$1),FALSE) -> 2.097 | P52: =VLOOKUP($A52,INDIRECT("'"&$B52&"_"&$C52&"'!"&"A:Z"),COLUMN(U$1),FALSE) -> 0 | Q52: =VLOOKUP($A52,INDIRECT("'"&$B52&"_"&$C52&"'!"&"A:Z"),COLUMN(M$1),FALSE) -> 0
I53: B-A | J53: =J50-J49 -> 0.0897
D54: obs A | E54: 3.252 | F54: 5.188 | G54: or else | H54: 3.252 | I54: 5.188 | P54: Min MP2 | Q54: =MIN(Q4,Q9,Q14,Q19,Q24,P29,Q34,Q39,Q44,Q49) -> -77.5561
H55: 3.284 | I55: 5.11 | Q55: =MIN(Q5,Q10,Q15,Q20,Q25,P30,Q35,Q40,Q45,Q50) -> -77.4847
D56: obs C | Q56: =MIN(Q6,Q11,Q16,Q21,Q26,P31,Q36,Q41,Q46,Q51) -> -77.5243
A59: structure | B59: Metal | C59: Functional | D59: filename | E59: structural properties | J59: Energy changes from C (eV/4_atom cell) | O59: Bandgap | Q59: E_MP2 | R59: diff to E_MP2 min | S59: diff sum
E60: a | F60: c | G60: z(Zn-O) | H60: z(Zn/Mg-O) | I60: interplane ratio | J60: DFT | K60: HF | L60: correl | M60: MP2 | N60: MP2 corr | O60: DFT | P60: HF | Q60: ENCUT400
A62: A | B62: Zn | C62: HSE06D3 | D62: =VLOOKUP($A62,INDIRECT("'"&$B62&"_"&$C62&"'!"&"A:Z"),COLUMN(B$1),FALSE) -> Zn_Zn_C_HSE06D3_999 | E62: =VLOOKUP($A62,INDIRECT("'"&$B62&"_"&$C62&"'!"&"A:Z"),COLUMN(D$1),FALSE) -> 3.2367 | F62: =VLOOKUP($A62,INDIRECT("'"&$B62&"_"&$C62&"'!"&"A:Z"),COLUMN(E$2),FALSE) -> 5.1983 | G62: =VLOOKUP($A62,INDIRECT("'"&$B62&"_"&$C62&"'!"&"A:Z"),COLUMN(F$2),FALSE) -> 0.62078618 | H62: =VLOOKUP($A62,INDIRECT("'"&$B62&"_"&$C62&"'!"&"A:Z"),COLUMN(G$2),FALSE) -> 0.62078618 | I62: =VLOOKUP($A62,INDIRECT("'"&$B62&"_"&$C62&"'!"&"A:Z"),COLUMN(H$2),FALSE) -> 0.5 | J62: =VLOOKUP($A62,INDIRECT("'"&$B62&"_"&$C62&"'!"&"A:Z"),COLUMN(O$1),FALSE) -> -0.2058 | K62: =VLOOKUP($A62,INDIRECT("'"&$B62&"_"&$C62&"'!"&"A:Z"),COLUMN(P$1),FALSE) -> -0.2559 | L62: =VLOOKUP($A62,INDIRECT("'"&$B62&"_"&$C62&"'!"&"A:Z"),COLUMN(Q$1),FALSE) -> 0.068 | M62: =VLOOKUP($A62,INDIRECT("'"&$B62&"_"&$C62&"'!"&"A:Z"),COLUMN(R$1),FALSE) -> -0.1879 | N62: =VLOOKUP($A62,INDIRECT("'"&$B62&"_"&$C62&"'!"&"A:Z"),COLUMN(Y$1),FALSE) -> -0.3937 | O62: =VLOOKUP($A62,INDIRECT("'"&$B62&"_"&$C62&"'!"&"A:Z"),COLUMN($T$1),FALSE) -> 2.532 | P62: =VLOOKUP($A62,INDIRECT("'"&$B62&"_"&$C62&"'!"&"A:Z"),COLUMN($U$1),FALSE) -> 0 | Q62: =VLOOKUP($A62,INDIRECT("'"&$B62&"_"&$C62&"'!"&"A:Z"),COLUMN($M$1),FALSE) -> -82.618 | R62: =Q62-Q$112 -> 0.029 | S62: =SUM(R62:R64) -> 0.0614 | U62: =ABS(E62-E$112)+ABS(F62-F$112)+ABS(E64-E$114)+ABS(F64-F$114) -> 0.0834
A63: B | B63: Zn | C63: HSE06D3 | D63: =VLOOKUP($A63,INDIRECT("'"&$B63&"_"&$C63&"'!"&"A:Z"),COLUMN(B$1),FALSE) -> Zn_Zn_C_HSE06D3_125 | E63: =VLOOKUP($A63,INDIRECT("'"&$B63&"_"&$C63&"'!"&"A:Z"),COLUMN(D$1),FALSE) -> 3.4193 | F63: =VLOOKUP($A63,INDIRECT("'"&$B63&"_"&$C63&"'!"&"A:Z"),COLUMN(E$2),FALSE) -> 4.4469 | G63: =VLOOKUP($A63,INDIRECT("'"&$B63&"_"&$C63&"'!"&"A:Z"),COLUMN(F$2),FALSE) -> -0.062043149 | H63: =VLOOKUP($A63,INDIRECT("'"&$B63&"_"&$C63&"'!"&"A:Z"),COLUMN(G$2),FALSE) -> -0.063119299 | I63: =VLOOKUP($A63,INDIRECT("'"&$B63&"_"&$C63&"'!"&"A:Z"),COLUMN(H$2),FALSE) -> 0.499024 | J63: =VLOOKUP($A63,INDIRECT("'"&$B63&"_"&$C63&"'!"&"A:Z"),COLUMN(O$1),FALSE) -> 0.0007 | K63: =VLOOKUP($A63,INDIRECT("'"&$B63&"_"&$C63&"'!"&"A:Z"),COLUMN(P$1),FALSE) -> -0.0017 | L63: =VLOOKUP($A63,INDIRECT("'"&$B63&"_"&$C63&"'!"&"A:Z"),COLUMN(Q$1),FALSE) -> 0.0013 | M63: =VLOOKUP($A63,INDIRECT("'"&$B63&"_"&$C63&"'!"&"A:Z"),COLUMN(R$1),FALSE) -> -0.0004 | N63: =VLOOKUP($A63,INDIRECT("'"&$B63&"_"&$C63&"'!"&"A:Z"),COLUMN(Y$1),FALSE) -> 0.0003 | O63: =VLOOKUP($A63,INDIRECT("'"&$B63&"_"&$C63&"'!"&"A:Z"),COLUMN(T$1),FALSE) -> 2.719 | P63: =VLOOKUP($A63,INDIRECT("'"&$B63&"_"&$C63&"'!"&"A:Z"),COLUMN(U$1),FALSE) -> 0 | Q63: {=INDIRECT("'"&$B63&"_"&$C63&"'!"&"M30")} -> 0
A64: C | B64: Zn | C64: HSE06D3 | D64: =VLOOKUP($A64,INDIRECT("'"&$B64&"_"&$C64&"'!"&"A:Z"),COLUMN(B$1),FALSE) -> Zn_Zn_C_HSE06D3_000 | E64: =VLOOKUP($A64,INDIRECT("'"&$B64&"_"&$C64&"'!"&"A:Z"),COLUMN(D$1),FALSE) -> 3.4266 | F64: =VLOOKUP($A64,INDIRECT("'"&$B64&"_"&$C64&"'!"&"A:Z"),COLUMN(E$2),FALSE) -> 4.42 | G64: =VLOOKUP($A64,INDIRECT("'"&$B64&"_"&$C64&"'!"&"A:Z"),COLUMN(F$2),FALSE) -> 0 | H64: =VLOOKUP($A64,INDIRECT("'"&$B64&"_"&$C64&"'!"&"A:Z"),COLUMN(G$2),FALSE) -> 0 | I64: =VLOOKUP($A64,INDIRECT("'"&$B64&"_"&$C64&"'!"&"A:Z"),COLUMN(H$2),FALSE) -> 0.5 | J64: =VLOOKUP($A64,INDIRECT("'"&$B64&"_"&$C64&"'!"&"A:Z"),COLUMN(O$1),FALSE) -> 0 | K64: =VLOOKUP($A64,INDIRECT("'"&$B64&"_"&$C64&"'!"&"A:Z"),COLUMN(P$1),FALSE) -> 0 | L64: =VLOOKUP($A64,INDIRECT("'"&$B64&"_"&$C64&"'!"&"A:Z"),COLUMN(Q$1),FALSE) -> 0 | M64: =VLOOKUP($A64,INDIRECT("'"&$B64&"_"&$C64&"'!"&"A:Z"),COLUMN(R$1),FALSE) -> 0 | N64: =VLOOKUP($A64,INDIRECT("'"&$B64&"_"&$C64&"'!"&"A:Z"),COLUMN(Y$1),FALSE) -> 0 | O64: =VLOOKUP($A64,INDIRECT("'"&$B64&"_"&$C64&"'!"&"A:Z"),COLUMN(T$1),FALSE) -> 2.692 | P64: =VLOOKUP($A64,INDIRECT("'"&$B64&"_"&$C64&"'!"&"A:Z"),COLUMN(U$1),FALSE) -> 0 | Q64: =VLOOKUP($A64,INDIRECT("'"&$B64&"_"&$C64&"'!"&"A:Z"),COLUMN(M$1),FALSE) -> -82.4301 | R64: =Q64-Q$114 -> 0.0324
A65: V | B65: Zn | C65: HSE06D3 | D65: =VLOOKUP($A65,INDIRECT("'"&$B65&"_"&$C65&"'!"&"A:Z"),COLUMN(B$1),FALSE) -> Zn_Zn_C_HSE06D3_ver | E65: =VLOOKUP($A65,INDIRECT("'"&$B65&"_"&$C65&"'!"&"A:Z"),COLUMN(D$1),FALSE) -> 3.2367 | F65: =VLOOKUP($A65,INDIRECT("'"&$B65&"_"&$C65&"'!"&"A:Z"),COLUMN(E$2),FALSE) -> 5.1983 | G65: =VLOOKUP($A65,INDIRECT("'"&$B65&"_"&$C65&"'!"&"A:Z"),COLUMN(F$2),FALSE) -> 0 | H65: =VLOOKUP($A65,INDIRECT("'"&$B65&"_"&$C65&"'!"&"A:Z"),COLUMN(G$2),FALSE) -> 0 | I65: =VLOOKUP($A65,INDIRECT("'"&$B65&"_"&$C65&"'!"&"A:Z"),COLUMN(H$2),FALSE) -> 0.5 | J65: =VLOOKUP($A65,INDIRECT("'"&$B65&"_"&$C65&"'!"&"A:Z"),COLUMN(O$1),FALSE) -> 0.3861 | K65: =VLOOKUP($A65,INDIRECT("'"&$B65&"_"&$C65&"'!"&"A:Z"),COLUMN(P$1),FALSE) -> 59.3442 | L65: =VLOOKUP($A65,INDIRECT("'"&$B65&"_"&$C65&"'!"&"A:Z"),COLUMN(Q$1),FALSE) -> 23.0859 | M65: =VLOOKUP($A65,INDIRECT("'"&$B65&"_"&$C65&"'!"&"A:Z"),COLUMN(R$1),FALSE) -> 82.4301 | N65: =VLOOKUP($A65,INDIRECT("'"&$B65&"_"&$C65&"'!"&"A:AZ"),COLUMN(AH$1),FALSE) -> 0 | O65: =VLOOKUP($A65,INDIRECT("'"&$B65&"_"&$C65&"'!"&"A:Z"),COLUMN(T$1),FALSE) -> 2.658 | P65: =VLOOKUP($A65,INDIRECT("'"&$B65&"_"&$C65&"'!"&"A:Z"),COLUMN(U$1),FALSE) -> 0 | Q65: =VLOOKUP($A65,INDIRECT("'"&$B65&"_"&$C65&"'!"&"A:Z"),COLUMN(M$1),FALSE) -> 0
I66: B-A | J66: =J63-J62 -> 0.2065 | K66: =K63-K62 -> 0.2542 | L66: =L63-L62 -> -0.0667 | M66: =M63-M62 -> 0.1875
A67: A | B67: Zn | C67: HSE06 | D67: =VLOOKUP($A67,INDIRECT("'"&$B67&"_"&$C67&"'!"&"A:Z"),COLUMN(B$1),FALSE) -> Zn_Zn_C_HSE06_999 | E67: =VLOOKUP($A67,INDIRECT("'"&$B67&"_"&$C67&"'!"&"A:Z"),COLUMN(D$1),FALSE) -> 3.2607 | F67: =VLOOKUP($A67,INDIRECT("'"&$B67&"_"&$C67&"'!"&"A:Z"),COLUMN(E$2),FALSE) -> 5.2404 | G67: =VLOOKUP($A67,INDIRECT("'"&$B67&"_"&$C67&"'!"&"A:Z"),COLUMN(F$2),FALSE) -> 0.62706626 | H67: =VLOOKUP($A67,INDIRECT("'"&$B67&"_"&$C67&"'!"&"A:Z"),COLUMN(G$2),FALSE) -> 0.62661559 | I67: =VLOOKUP($A67,INDIRECT("'"&$B67&"_"&$C67&"'!"&"A:Z"),COLUMN(H$2),FALSE) -> 0.500073 | J67: =VLOOKUP($A67,INDIRECT("'"&$B67&"_"&$C67&"'!"&"A:Z"),COLUMN(O$1),FALSE) -> -0.256 | K67: =VLOOKUP($A67,INDIRECT("'"&$B67&"_"&$C67&"'!"&"A:Z"),COLUMN(P$1),FALSE) -> -0.2554 | L67: =VLOOKUP($A67,INDIRECT("'"&$B67&"_"&$C67&"'!"&"A:Z"),COLUMN(Q$1),FALSE) -> 0.0746 | M67: =VLOOKUP($A67,INDIRECT("'"&$B67&"_"&$C67&"'!"&"A:Z"),COLUMN(R$1),FALSE) -> -0.1808 | N67: =VLOOKUP($A67,INDIRECT("'"&$B67&"_"&$C67&"'!"&"A:Z"),COLUMN(Y$1),FALSE) -> -0.4368 | O67: =VLOOKUP($A67,INDIRECT("'"&$B67&"_"&$C67&"'!"&"A:Z"),COLUMN($T$1),FALSE) -> 2.479 | P67: =VLOOKUP($A67,INDIRECT("'"&$B67&"_"&$C67&"'!"&"A:Z"),COLUMN($U$1),FALSE) -> 0 | Q67: =VLOOKUP($A67,INDIRECT("'"&$B67&"_"&$C67&"'!"&"A:Z"),COLUMN($M$1),FALSE) -> -82.642 | R67: =Q67-Q$112 -> 0.005 | S67: =SUM(R67:R69) -> 0.0063 | U67: =ABS(E67-E$112)+ABS(F67-F$112)+ABS(E69-E$114)+ABS(F69-F$114) -> 0.078
A68: B | B68: Zn | C68: HSE06 | D68: =VLOOKUP($A68,INDIRECT("'"&$B68&"_"&$C68&"'!"&"A:Z"),COLUMN(B$1),FALSE) -> Zn_Zn_C_HSE06_125 | E68: =VLOOKUP($A68,INDIRECT("'"&$B68&"_"&$C68&"'!"&"A:Z"),COLUMN(D$1),FALSE) -> 3.4332 | F68: =VLOOKUP($A68,INDIRECT("'"&$B68&"_"&$C68&"'!"&"A:Z"),COLUMN(E$2),FALSE) -> 4.5294 | G68: =VLOOKUP($A68,INDIRECT("'"&$B68&"_"&$C68&"'!"&"A:Z"),COLUMN(F$2),FALSE) -> 0.080759202 | H68: =VLOOKUP($A68,INDIRECT("'"&$B68&"_"&$C68&"'!"&"A:Z"),COLUMN(G$2),FALSE) -> 0.077738092 | I68: =VLOOKUP($A68,INDIRECT("'"&$B68&"_"&$C68&"'!"&"A:Z"),COLUMN(H$2),FALSE) -> 0.502882 | J68: =VLOOKUP($A68,INDIRECT("'"&$B68&"_"&$C68&"'!"&"A:Z"),COLUMN(O$1),FALSE) -> -0.0026 | K68: =VLOOKUP($A68,INDIRECT("'"&$B68&"_"&$C68&"'!"&"A:Z"),COLUMN(P$1),FALSE) -> 59.3733 | L68: =VLOOKUP($A68,INDIRECT("'"&$B68&"_"&$C68&"'!"&"A:Z"),COLUMN(Q$1),FALSE) -> 23.0879 | M68: =VLOOKUP($A68,INDIRECT("'"&$B68&"_"&$C68&"'!"&"A:Z"),COLUMN(R$1),FALSE) -> 82.4612 | N68: =VLOOKUP($A68,INDIRECT("'"&$B68&"_"&$C68&"'!"&"A:Z"),COLUMN(Y$1),FALSE) -> 82.4586 | O68: =VLOOKUP($A68,INDIRECT("'"&$B68&"_"&$C68&"'!"&"A:Z"),COLUMN(T$1),FALSE) -> 2.683 | P68: =VLOOKUP($A68,INDIRECT("'"&$B68&"_"&$C68&"'!"&"A:Z"),COLUMN(U$1),FALSE) -> 0 | Q68: {=INDIRECT("'"&$B68&"_"&$C68&"'!"&"M30")} -> 0
A69: C | B69: Zn | C69: HSE06 | D69: =VLOOKUP($A69,INDIRECT("'"&$B69&"_"&$C69&"'!"&"A:Z"),COLUMN(B$1),FALSE) -> Zn_Zn_C_HSE06_000 | E69: =VLOOKUP($A69,INDIRECT("'"&$B69&"_"&$C69&"'!"&"A:Z"),COLUMN(D$1),FALSE) -> 3.444 | F69: =VLOOKUP($A69,INDIRECT("'"&$B69&"_"&$C69&"'!"&"A:Z"),COLUMN(E$2),FALSE) -> 4.4859 | G69: =VLOOKUP($A69,INDIRECT("'"&$B69&"_"&$C69&"'!"&"A:Z"),COLUMN(F$2),FALSE) -> 0 | H69: =VLOOKUP($A69,INDIRECT("'"&$B69&"_"&$C69&"'!"&"A:Z"),COLUMN(G$2),FALSE) -> 0 | I69: =VLOOKUP($A69,INDIRECT("'"&$B69&"_"&$C69&"'!"&"A:Z"),COLUMN(H$2),FALSE) -> 0.5 | J69: =VLOOKUP($A69,INDIRECT("'"&$B69&"_"&$C69&"'!"&"A:Z"),COLUMN(O$1),FALSE) -> 0 | K69: =VLOOKUP($A69,INDIRECT("'"&$B69&"_"&$C69&"'!"&"A:Z"),COLUMN(P$1),FALSE) -> 0 | L69: =VLOOKUP($A69,INDIRECT("'"&$B69&"_"&$C69&"'!"&"A:Z"),COLUMN(Q$1),FALSE) -> 0 | M69: =VLOOKUP($A69,INDIRECT("'"&$B69&"_"&$C69&"'!"&"A:Z"),COLUMN(R$1),FALSE) -> 0 | N69: =VLOOKUP($A69,INDIRECT("'"&$B69&"_"&$C69&"'!"&"A:Z"),COLUMN(Y$1),FALSE) -> 0 | O69: =VLOOKUP($A69,INDIRECT("'"&$B69&"_"&$C69&"'!"&"A:Z"),COLUMN(T$1),FALSE) -> 2.642 | P69: =VLOOKUP($A69,INDIRECT("'"&$B69&"_"&$C69&"'!"&"A:Z"),COLUMN(U$1),FALSE) -> 0 | Q69: =VLOOKUP($A69,INDIRECT("'"&$B69&"_"&$C69&"'!"&"A:Z"),COLUMN(M$1),FALSE) -> -82.4612 | R69: =Q69-Q$114 -> 0.0013
A70: V | B70: Zn | C70: HSE06 | D70: =VLOOKUP($A70,INDIRECT("'"&$B70&"_"&$C70&"'!"&"A:Z"),COLUMN(B$1),FALSE) -> Zn_Zn_C_HSE06_ver | E70: =VLOOKUP($A70,INDIRECT("'"&$B70&"_"&$C70&"'!"&"A:Z"),COLUMN(D$1),FALSE) -> 3.2607 | F70: =VLOOKUP($A70,INDIRECT("'"&$B70&"_"&$C70&"'!"&"A:Z"),COLUMN(E$2),FALSE) -> 5.2404 | G70: =VLOOKUP($A70,INDIRECT("'"&$B70&"_"&$C70&"'!"&"A:Z"),COLUMN(F$2),FALSE) -> 0 | H70: =VLOOKUP($A70,INDIRECT("'"&$B70&"_"&$C70&"'!"&"A:Z"),COLUMN(G$2),FALSE) -> 0 | I70: =VLOOKUP($A70,INDIRECT("'"&$B70&"_"&$C70&"'!"&"A:Z"),COLUMN(H$2),FALSE) -> 0.5 | J70: =VLOOKUP($A70,INDIRECT("'"&$B70&"_"&$C70&"'!"&"A:Z"),COLUMN(O$1),FALSE) -> 0.29 | K70: =VLOOKUP($A70,INDIRECT("'"&$B70&"_"&$C70&"'!"&"A:Z"),COLUMN(P$1),FALSE) -> 59.3733 | L70: =VLOOKUP($A70,INDIRECT("'"&$B70&"_"&$C70&"'!"&"A:Z"),COLUMN(Q$1),FALSE) -> 23.0879 | M70: =VLOOKUP($A70,INDIRECT("'"&$B70&"_"&$C70&"'!"&"A:Z"),COLUMN(R$1),FALSE) -> 82.4612 | N70: =VLOOKUP($A70,INDIRECT("'"&$B70&"_"&$C70&"'!"&"A:AZ"),COLUMN(AH$1),FALSE) -> 0 | O70: =VLOOKUP($A70,INDIRECT("'"&$B70&"_"&$C70&"'!"&"A:Z"),COLUMN(T$1),FALSE) -> 2.614 | P70: =VLOOKUP($A70,INDIRECT("'"&$B70&"_"&$C70&"'!"&"A:Z"),COLUMN(U$1),FALSE) -> 0 | Q70: =VLOOKUP($A70,INDIRECT("'"&$B70&"_"&$C70&"'!"&"A:Z"),COLUMN(M$1),FALSE) -> 0
I71: B-A | J71: =J68-J67 -> 0.2534 | K71: =K68-K67 -> 59.6287 | L71: =L68-L67 -> 23.0133 | M71: =M68-M67 -> 82.642
A72: A | B72: Zn | C72: PBE0D3 | D72: =VLOOKUP($A72,INDIRECT("'"&$B72&"_"&$C72&"'!"&"A:Z"),COLUMN(B$1),FALSE) -> Zn_Zn_C_PBE0D3_999 | E72: =VLOOKUP($A72,INDIRECT("'"&$B72&"_"&$C72&"'!"&"A:Z"),COLUMN(D$1),FALSE) -> 3.2358 | F72: =VLOOKUP($A72,INDIRECT("'"&$B72&"_"&$C72&"'!"&"A:Z"),COLUMN(E$2),FALSE) -> 5.2007 | G72: =VLOOKUP($A72,INDIRECT("'"&$B72&"_"&$C72&"'!"&"A:Z"),COLUMN(F$2),FALSE) -> 0.62225335 | H72: =VLOOKUP($A72,INDIRECT("'"&$B72&"_"&$C72&"'!"&"A:Z"),COLUMN(G$2),FALSE) -> 0.62225335 | I72: =VLOOKUP($A72,INDIRECT("'"&$B72&"_"&$C72&"'!"&"A:Z"),COLUMN(H$2),FALSE) -> 0.5 | J72: =VLOOKUP($A72,INDIRECT("'"&$B72&"_"&$C72&"'!"&"A:Z"),COLUMN(O$1),FALSE) -> -0.2153 | K72: =VLOOKUP($A72,INDIRECT("'"&$B72&"_"&$C72&"'!"&"A:Z"),COLUMN(P$1),FALSE) -> -0.2553 | L72: =VLOOKUP($A72,INDIRECT("'"&$B72&"_"&$C72&"'!"&"A:Z"),COLUMN(Q$1),FALSE) -> 0.0676 | M72: =VLOOKUP($A72,INDIRECT("'"&$B72&"_"&$C72&"'!"&"A:Z"),COLUMN(R$1),FALSE) -> -0.1877 | N72: =VLOOKUP($A72,INDIRECT("'"&$B72&"_"&$C72&"'!"&"A:Z"),COLUMN(Y$1),FALSE) -> -0.403 | O72: =VLOOKUP($A72,INDIRECT("'"&$B72&"_"&$C72&"'!"&"A:Z"),COLUMN($T$1),FALSE) -> 3.22 | P72: =VLOOKUP($A72,INDIRECT("'"&$B72&"_"&$C72&"'!"&"A:Z"),COLUMN($U$1),FALSE) -> 0 | Q72: =VLOOKUP($A72,INDIRECT("'"&$B72&"_"&$C72&"'!"&"A:Z"),COLUMN($M$1),FALSE) -> -82.6178 | R72: =Q72-Q$112 -> 0.0292 | S72: =SUM(R72:R74) -> 0.0616 | U72: =ABS(E72-E$112)+ABS(F72-F$112)+ABS(E74-E$114)+ABS(F74-F$114) -> 0.0757
A73: B | B73: Zn | C73: PBE0D3 | D73: =VLOOKUP($A73,INDIRECT("'"&$B73&"_"&$C73&"'!"&"A:Z"),COLUMN(B$1),FALSE) -> Zn_Zn_C_PBE0D3_063 | E73: =VLOOKUP($A73,INDIRECT("'"&$B73&"_"&$C73&"'!"&"A:Z"),COLUMN(D$1),FALSE) -> 3.4215 | F73: =VLOOKUP($A73,INDIRECT("'"&$B73&"_"&$C73&"'!"&"A:Z"),COLUMN(E$2),FALSE) -> 4.4368 | G73: =VLOOKUP($A73,INDIRECT("'"&$B73&"_"&$C73&"'!"&"A:Z"),COLUMN(F$2),FALSE) -> 0.031416981 | H73: =VLOOKUP($A73,INDIRECT("'"&$B73&"_"&$C73&"'!"&"A:Z"),COLUMN(G$2),FALSE) -> 0.031971581 | I73: =VLOOKUP($A73,INDIRECT("'"&$B73&"_"&$C73&"'!"&"A:Z"),COLUMN(H$2),FALSE) -> 0.499603 | J73: =VLOOKUP($A73,INDIRECT("'"&$B73&"_"&$C73&"'!"&"A:Z"),COLUMN(O$1),FALSE) -> 0.0001 | K73: =VLOOKUP($A73,INDIRECT("'"&$B73&"_"&$C73&"'!"&"A:Z"),COLUMN(P$1),FALSE) -> 59.3444 | L73: =VLOOKUP($A73,INDIRECT("'"&$B73&"_"&$C73&"'!"&"A:Z"),COLUMN(Q$1),FALSE) -> 23.0857 | M73: =VLOOKUP($A73,INDIRECT("'"&$B73&"_"&$C73&"'!"&"A:Z"),COLUMN(R$1),FALSE) -> 82.4301 | N73: =VLOOKUP($A73,INDIRECT("'"&$B73&"_"&$C73&"'!"&"A:Z"),COLUMN(Y$1),FALSE) -> 82.4302 | O73: =VLOOKUP($A73,INDIRECT("'"&$B73&"_"&$C73&"'!"&"A:Z"),COLUMN(T$1),FALSE) -> 3.395 | P73: =VLOOKUP($A73,INDIRECT("'"&$B73&"_"&$C73&"'!"&"A:Z"),COLUMN(U$1),FALSE) -> 0 | Q73: {=INDIRECT("'"&$B73&"_"&$C73&"'!"&"M30")} -> 0
A74: C | B74: Zn | C74: PBE0D3 | D74: =VLOOKUP($A74,INDIRECT("'"&$B74&"_"&$C74&"'!"&"A:Z"),COLUMN(B$1),FALSE) -> Zn_Zn_C_PBE0D3_000 | E74: =VLOOKUP($A74,INDIRECT("'"&$B74&"_"&$C74&"'!"&"A:Z"),COLUMN(D$1),FALSE) -> 3.4229 | F74: =VLOOKUP($A74,INDIRECT("'"&$B74&"_"&$C74&"'!"&"A:Z"),COLUMN(E$2),FALSE) -> 4.4299 | G74: =VLOOKUP($A74,INDIRECT("'"&$B74&"_"&$C74&"'!"&"A:Z"),COLUMN(F$2),FALSE) -> 0 | H74: =VLOOKUP($A74,INDIRECT("'"&$B74&"_"&$C74&"'!"&"A:Z"),COLUMN(G$2),FALSE) -> 0 | I74: =VLOOKUP($A74,INDIRECT("'"&$B74&"_"&$C74&"'!"&"A:Z"),COLUMN(H$2),FALSE) -> 0.5 | J74: =VLOOKUP($A74,INDIRECT("'"&$B74&"_"&$C74&"'!"&"A:Z"),COLUMN(O$1),FALSE) -> 0 | K74: =VLOOKUP($A74,INDIRECT("'"&$B74&"_"&$C74&"'!"&"A:Z"),COLUMN(P$1),FALSE) -> 0 | L74: =VLOOKUP($A74,INDIRECT("'"&$B74&"_"&$C74&"'!"&"A:Z"),COLUMN(Q$1),FALSE) -> 0 | M74: =VLOOKUP($A74,INDIRECT("'"&$B74&"_"&$C74&"'!"&"A:Z"),COLUMN(R$1),FALSE) -> 0 | N74: =VLOOKUP($A74,INDIRECT("'"&$B74&"_"&$C74&"'!"&"A:Z"),COLUMN(Y$1),FALSE) -> 0 | O74: =VLOOKUP($A74,INDIRECT("'"&$B74&"_"&$C74&"'!"&"A:Z"),COLUMN(T$1),FALSE) -> 3.395 | P74: =VLOOKUP($A74,INDIRECT("'"&$B74&"_"&$C74&"'!"&"A:Z"),COLUMN(U$1),FALSE) -> 0 | Q74: =VLOOKUP($A74,INDIRECT("'"&$B74&"_"&$C74&"'!"&"A:Z"),COLUMN(M$1),FALSE) -> -82.4301 | R74: =Q74-Q$114 -> 0.0324
A75: V | B75: Zn | C75: PBE0D3 | D75: =VLOOKUP($A75,INDIRECT("'"&$B75&"_"&$C75&"'!"&"A:Z"),COLUMN(B$1),FALSE) -> Zn_Zn_C_PBE0D3_ver | E75: =VLOOKUP($A75,INDIRECT("'"&$B75&"_"&$C75&"'!"&"A:Z"),COLUMN(D$1),FALSE) -> 3.2358 | F75: =VLOOKUP($A75,INDIRECT("'"&$B75&"_"&$C75&"'!"&"A:Z"),COLUMN(E$2),FALSE) -> 5.2007 | G75: =VLOOKUP($A75,INDIRECT("'"&$B75&"_"&$C75&"'!"&"A:Z"),COLUMN(F$2),FALSE) -> 0 | H75: =VLOOKUP($A75,INDIRECT("'"&$B75&"_"&$C75&"'!"&"A:Z"),COLUMN(G$2),FALSE) -> 0 | I75: =VLOOKUP($A75,INDIRECT("'"&$B75&"_"&$C75&"'!"&"A:Z"),COLUMN(H$2),FALSE) -> 0.5 | J75: =VLOOKUP($A75,INDIRECT("'"&$B75&"_"&$C75&"'!"&"A:Z"),COLUMN(O$1),FALSE) -> 0.3781 | K75: =VLOOKUP($A75,INDIRECT("'"&$B75&"_"&$C75&"'!"&"A:Z"),COLUMN(P$1),FALSE) -> 59.3444 | L75: =VLOOKUP($A75,INDIRECT("'"&$B75&"_"&$C75&"'!"&"A:Z"),COLUMN(Q$1),FALSE) -> 23.0857 | M75: =VLOOKUP($A75,INDIRECT("'"&$B75&"_"&$C75&"'!"&"A:Z"),COLUMN(R$1),FALSE) -> 82.4301 | N75: =VLOOKUP($A75,INDIRECT("'"&$B75&"_"&$C75&"'!"&"A:AZ"),COLUMN(AH$1),FALSE) -> 0 | O75: =VLOOKUP($A75,INDIRECT("'"&$B75&"_"&$C75&"'!"&"A:Z"),COLUMN(T$1),FALSE) -> 3.353 | P75: =VLOOKUP($A75,INDIRECT("'"&$B75&"_"&$C75&"'!"&"A:Z"),COLUMN(U$1),FALSE) -> 0 | Q75: =VLOOKUP($A75,INDIRECT("'"&$B75&"_"&$C75&"'!"&"A:Z"),COLUMN(M$1),FALSE) -> 0
I76: B-A | J76: =J73-J72 -> 0.2154 | K76: =K73-K72 -> 59.5997 | L76: =L73-L72 -> 23.0181 | M76: =M73-M72 -> 82.6178
A77: A | B77: Zn | C77: PBE0 | D77: =VLOOKUP($A77,INDIRECT("'"&$B77&"_"&$C77&"'!"&"A:Z"),COLUMN(B$1),FALSE) -> Zn_Zn_C_PBE0_999 | E77: =VLOOKUP($A77,INDIRECT("'"&$B77&"_"&$C77&"'!"&"A:Z"),COLUMN(D$1),FALSE) -> 3.2582 | F77: =VLOOKUP($A77,INDIRECT("'"&$B77&"_"&$C77&"'!"&"A:Z"),COLUMN(E$2),FALSE) -> 5.2386 | G77: =VLOOKUP($A77,INDIRECT("'"&$B77&"_"&$C77&"'!"&"A:Z"),COLUMN(F$2),FALSE) -> 0.62738521 | H77: =VLOOKUP($A77,INDIRECT("'"&$B77&"_"&$C77&"'!"&"A:Z"),COLUMN(G$2),FALSE) -> 0.62718091 | I77: =VLOOKUP($A77,INDIRECT("'"&$B77&"_"&$C77&"'!"&"A:Z"),COLUMN(H$2),FALSE) -> 0.500033 | J77: =VLOOKUP($A77,INDIRECT("'"&$B77&"_"&$C77&"'!"&"A:Z"),COLUMN(O$1),FALSE) -> -0.2582 | K77: =VLOOKUP($A77,INDIRECT("'"&$B77&"_"&$C77&"'!"&"A:Z"),COLUMN(P$1),FALSE) -> -0.2558 | L77: =VLOOKUP($A77,INDIRECT("'"&$B77&"_"&$C77&"'!"&"A:Z"),COLUMN(Q$1),FALSE) -> 0.0729 | M77: =VLOOKUP($A77,INDIRECT("'"&$B77&"_"&$C77&"'!"&"A:Z"),COLUMN(R$1),FALSE) -> -0.1829 | N77: =VLOOKUP($A77,INDIRECT("'"&$B77&"_"&$C77&"'!"&"A:Z"),COLUMN(Y$1),FALSE) -> -0.2271 | O77: =VLOOKUP($A77,INDIRECT("'"&$B77&"_"&$C77&"'!"&"A:Z"),COLUMN($T$1),FALSE) -> 3.169 | P77: =VLOOKUP($A77,INDIRECT("'"&$B77&"_"&$C77&"'!"&"A:Z"),COLUMN($U$1),FALSE) -> 11.457 | Q77: =VLOOKUP($A77,INDIRECT("'"&$B77&"_"&$C77&"'!"&"A:Z"),COLUMN($M$1),FALSE) -> -82.6454 | R77: =Q77-Q$112 -> 0.0016 | S77: =SUM(R77:R79) -> 0.0016 | U77: =ABS(E77-E$112)+ABS(F77-F$112)+ABS(E79-E$114)+ABS(F79-F$114) -> 0.0818
A78: B | B78: Zn | C78: PBE0 | D78: =VLOOKUP($A78,INDIRECT("'"&$B78&"_"&$C78&"'!"&"A:Z"),COLUMN(B$1),FALSE) -> Zn_Zn_C_PBE0_125 | E78: =VLOOKUP($A78,INDIRECT("'"&$B78&"_"&$C78&"'!"&"A:Z"),COLUMN(D$1),FALSE) -> 3.4288 | F78: =VLOOKUP($A78,INDIRECT("'"&$B78&"_"&$C78&"'!"&"A:Z"),COLUMN(E$2),FALSE) -> 4.5373 | G78: =VLOOKUP($A78,INDIRECT("'"&$B78&"_"&$C78&"'!"&"A:Z"),COLUMN(F$2),FALSE) -> 0.083599752 | H78: =VLOOKUP($A78,INDIRECT("'"&$B78&"_"&$C78&"'!"&"A:Z"),COLUMN(G$2),FALSE) -> 0.079770271 | I78: =VLOOKUP($A78,INDIRECT("'"&$B78&"_"&$C78&"'!"&"A:Z"),COLUMN(H$2),FALSE) -> 0.503459 | J78: =VLOOKUP($A78,INDIRECT("'"&$B78&"_"&$C78&"'!"&"A:Z"),COLUMN(O$1),FALSE) -> -0.003 | K78: =VLOOKUP($A78,INDIRECT("'"&$B78&"_"&$C78&"'!"&"A:Z"),COLUMN(P$1),FALSE) -> 0 | L78: =VLOOKUP($A78,INDIRECT("'"&$B78&"_"&$C78&"'!"&"A:Z"),COLUMN(Q$1),FALSE) -> 0 | M78: =VLOOKUP($A78,INDIRECT("'"&$B78&"_"&$C78&"'!"&"A:Z"),COLUMN(R$1),FALSE) -> 0 | N78: =VLOOKUP($A78,INDIRECT("'"&$B78&"_"&$C78&"'!"&"A:Z"),COLUMN(Y$1),FALSE) -> 0 | O78: =VLOOKUP($A78,INDIRECT("'"&$B78&"_"&$C78&"'!"&"A:Z"),COLUMN(T$1),FALSE) -> 3.389 | P78: =VLOOKUP($A78,INDIRECT("'"&$B78&"_"&$C78&"'!"&"A:Z"),COLUMN(U$1),FALSE) -> 11.657 | Q78: {=INDIRECT("'"&$B78&"_"&$C78&"'!"&"M30")} -> 0
A79: C | B79: Zn | C79: PBE0 | D79: =VLOOKUP($A79,INDIRECT("'"&$B79&"_"&$C79&"'!"&"A:Z"),COLUMN(B$1),FALSE) -> Zn_Zn_C_PBE0_000 | E79: =VLOOKUP($A79,INDIRECT("'"&$B79&"_"&$C79&"'!"&"A:Z"),COLUMN(D$1),FALSE) -> 3.44 | F79: =VLOOKUP($A79,INDIRECT("'"&$B79&"_"&$C79&"'!"&"A:Z"),COLUMN(E$2),FALSE) -> 4.49 | G79: =VLOOKUP($A79,INDIRECT("'"&$B79&"_"&$C79&"'!"&"A:Z"),COLUMN(F$2),FALSE) -> 0 | H79: =VLOOKUP($A79,INDIRECT("'"&$B79&"_"&$C79&"'!"&"A:Z"),COLUMN(G$2),FALSE) -> 0 | I79: =VLOOKUP($A79,INDIRECT("'"&$B79&"_"&$C79&"'!"&"A:Z"),COLUMN(H$2),FALSE) -> 0.5 | J79: =VLOOKUP($A79,INDIRECT("'"&$B79&"_"&$C79&"'!"&"A:Z"),COLUMN(O$1),FALSE) -> 0 | K79: =VLOOKUP($A79,INDIRECT("'"&$B79&"_"&$C79&"'!"&"A:Z"),COLUMN(P$1),FALSE) -> 0 | L79: =VLOOKUP($A79,INDIRECT("'"&$B79&"_"&$C79&"'!"&"A:Z"),COLUMN(Q$1),FALSE) -> 0 | M79: =VLOOKUP($A79,INDIRECT("'"&$B79&"_"&$C79&"'!"&"A:Z"),COLUMN(R$1),FALSE) -> 0 | N79: =VLOOKUP($A79,INDIRECT("'"&$B79&"_"&$C79&"'!"&"A:Z"),COLUMN(Y$1),FALSE) -> 0 | O79: =VLOOKUP($A79,INDIRECT("'"&$B79&"_"&$C79&"'!"&"A:Z"),COLUMN(T$1),FALSE) -> 3.344 | P79: =VLOOKUP($A79,INDIRECT("'"&$B79&"_"&$C79&"'!"&"A:Z"),COLUMN(U$1),FALSE) -> 11.597 | Q79: =VLOOKUP($A79,INDIRECT("'"&$B79&"_"&$C79&"'!"&"A:Z"),COLUMN(M$1),FALSE) -> -82.4625 | R79: =Q79-Q$114 -> 0
A80: V | B80: Zn | C80: PBE0 | D80: =VLOOKUP($A80,INDIRECT("'"&$B80&"_"&$C80&"'!"&"A:Z"),COLUMN(B$1),FALSE) -> Zn_Zn_C_PBE0_ver | E80: =VLOOKUP($A80,INDIRECT("'"&$B80&"_"&$C80&"'!"&"A:Z"),COLUMN(D$1),FALSE) -> 3.2582 | F80: =VLOOKUP($A80,INDIRECT("'"&$B80&"_"&$C80&"'!"&"A:Z"),COLUMN(E$2),FALSE) -> 5.2386 | G80: =VLOOKUP($A80,INDIRECT("'"&$B80&"_"&$C80&"'!"&"A:Z"),COLUMN(F$2),FALSE) -> 0 | H80: =VLOOKUP($A80,INDIRECT("'"&$B80&"_"&$C80&"'!"&"A:Z"),COLUMN(G$2),FALSE) -> 0 | I80: =VLOOKUP($A80,INDIRECT("'"&$B80&"_"&$C80&"'!"&"A:Z"),COLUMN(H$2),FALSE) -> 0.5 | J80: =VLOOKUP($A80,INDIRECT("'"&$B80&"_"&$C80&"'!"&"A:Z"),COLUMN(O$1),FALSE) -> 0.2901 | K80: =VLOOKUP($A80,INDIRECT("'"&$B80&"_"&$C80&"'!"&"A:Z"),COLUMN(P$1),FALSE) -> 0 | L80: =VLOOKUP($A80,INDIRECT("'"&$B80&"_"&$C80&"'!"&"A:Z"),COLUMN(Q$1),FALSE) -> 0 | M80: =VLOOKUP($A80,INDIRECT("'"&$B80&"_"&$C80&"'!"&"A:Z"),COLUMN(R$1),FALSE) -> 0 | N80: =VLOOKUP($A80,INDIRECT("'"&$B80&"_"&$C80&"'!"&"A:AZ"),COLUMN(AH$1),FALSE) -> -82.2367 | O80: =VLOOKUP($A80,INDIRECT("'"&$B80&"_"&$C80&"'!"&"A:Z"),COLUMN(T$1),FALSE) -> 3.309 | P80: =VLOOKUP($A80,INDIRECT("'"&$B80&"_"&$C80&"'!"&"A:Z"),COLUMN(U$1),FALSE) -> 11.646 | Q80: =VLOOKUP($A80,INDIRECT("'"&$B80&"_"&$C80&"'!"&"A:Z"),COLUMN(M$1),FALSE) -> 0
I81: B-A | J81: =J78-J77 -> 0.2552 | K81: =K78-K77 -> 0.2558 | L81: =L78-L77 -> -0.0729 | M81: =M78-M77 -> 0.1829
A82: A | B82: Zn | C82: PBESolD3 | D82: =VLOOKUP($A82,INDIRECT("'"&$B82&"_"&$C82&"'!"&"A:Z"),COLUMN(B$1),FALSE) -> Zn_Zn_C_PBESolD3_999 | E82: =VLOOKUP($A82,INDIRECT("'"&$B82&"_"&$C82&"'!"&"A:Z"),COLUMN(D$1),FALSE) -> 3.221 | F82: =VLOOKUP($A82,INDIRECT("'"&$B82&"_"&$C82&"'!"&"A:Z"),COLUMN(E$2),FALSE) -> 5.1943 | G82: =VLOOKUP($A82,INDIRECT("'"&$B82&"_"&$C82&"'!"&"A:Z"),COLUMN(F$2),FALSE) -> 0.62742469 | H82: =VLOOKUP($A82,INDIRECT("'"&$B82&"_"&$C82&"'!"&"A:Z"),COLUMN(G$2),FALSE) -> 0.62742469 | I82: =VLOOKUP($A82,INDIRECT("'"&$B82&"_"&$C82&"'!"&"A:Z"),COLUMN(H$2),FALSE) -> 0.5 | J82: =VLOOKUP($A82,INDIRECT("'"&$B82&"_"&$C82&"'!"&"A:Z"),COLUMN(O$1),FALSE) -> -0.2031 | K82: =VLOOKUP($A82,INDIRECT("'"&$B82&"_"&$C82&"'!"&"A:Z"),COLUMN(P$1),FALSE) -> -0.2486 | L82: =VLOOKUP($A82,INDIRECT("'"&$B82&"_"&$C82&"'!"&"A:Z"),COLUMN(Q$1),FALSE) -> 0.061 | M82: =VLOOKUP($A82,INDIRECT("'"&$B82&"_"&$C82&"'!"&"A:Z"),COLUMN(R$1),FALSE) -> -0.1876 | N82: =VLOOKUP($A82,INDIRECT("'"&$B82&"_"&$C82&"'!"&"A:Z"),COLUMN(Y$1),FALSE) -> -0.3907 | O82: =VLOOKUP($A82,INDIRECT("'"&$B82&"_"&$C82&"'!"&"A:Z"),COLUMN($T$1),FALSE) -> 0.719 | P82: =VLOOKUP($A82,INDIRECT("'"&$B82&"_"&$C82&"'!"&"A:Z"),COLUMN($U$1),FALSE) -> 0 | Q82: =VLOOKUP($A82,INDIRECT("'"&$B82&"_"&$C82&"'!"&"A:Z"),COLUMN($M$1),FALSE) -> -82.6056 | R82: =Q82-Q$112 -> 0.0414 | S82: =SUM(R82:R84) -> 0.0859 | U82: =ABS(E82-E$112)+ABS(F82-F$112)+ABS(E84-E$114)+ABS(F84-F$114) -> 0.1081
A83: B | B83: Zn | C83: PBESolD3 | D83: =VLOOKUP($A83,INDIRECT("'"&$B83&"_"&$C83&"'!"&"A:Z"),COLUMN(B$1),FALSE) -> Zn_Zn_C_PBESolD3_125 | E83: =VLOOKUP($A83,INDIRECT("'"&$B83&"_"&$C83&"'!"&"A:Z"),COLUMN(D$1),FALSE) -> 3.4044 | F83: =VLOOKUP($A83,INDIRECT("'"&$B83&"_"&$C83&"'!"&"A:Z"),COLUMN(E$2),FALSE) -> 4.4603 | G83: =VLOOKUP($A83,INDIRECT("'"&$B83&"_"&$C83&"'!"&"A:Z"),COLUMN(F$2),FALSE) -> 0.06943795 | H83: =VLOOKUP($A83,INDIRECT("'"&$B83&"_"&$C83&"'!"&"A:Z"),COLUMN(G$2),FALSE) -> 0.069023142 | I83: =VLOOKUP($A83,INDIRECT("'"&$B83&"_"&$C83&"'!"&"A:Z"),COLUMN(H$2),FALSE) -> 0.500469 | J83: =VLOOKUP($A83,INDIRECT("'"&$B83&"_"&$C83&"'!"&"A:Z"),COLUMN(O$1),FALSE) -> -0.0011 | K83: =VLOOKUP($A83,INDIRECT("'"&$B83&"_"&$C83&"'!"&"A:Z"),COLUMN(P$1),FALSE) -> 59.3312 | L83: =VLOOKUP($A83,INDIRECT("'"&$B83&"_"&$C83&"'!"&"A:Z"),COLUMN(Q$1),FALSE) -> 23.0868 | M83: =VLOOKUP($A83,INDIRECT("'"&$B83&"_"&$C83&"'!"&"A:Z"),COLUMN(R$1),FALSE) -> 82.418 | N83: =VLOOKUP($A83,INDIRECT("'"&$B83&"_"&$C83&"'!"&"A:Z"),COLUMN(Y$1),FALSE) -> 82.4169 | O83: =VLOOKUP($A83,INDIRECT("'"&$B83&"_"&$C83&"'!"&"A:Z"),COLUMN(T$1),FALSE) -> 0.952 | P83: =VLOOKUP($A83,INDIRECT("'"&$B83&"_"&$C83&"'!"&"A:Z"),COLUMN(U$1),FALSE) -> 0 | Q83: {=INDIRECT("'"&$B83&"_"&$C83&"'!"&"M30")} -> 0
A84: C | B84: Zn | C84: PBESolD3 | D84: =VLOOKUP($A84,INDIRECT("'"&$B84&"_"&$C84&"'!"&"A:Z"),COLUMN(B$1),FALSE) -> Zn_Zn_C_PBESolD3_000 | E84: =VLOOKUP($A84,INDIRECT("'"&$B84&"_"&$C84&"'!"&"A:Z"),COLUMN(D$1),FALSE) -> 3.4115 | F84: =VLOOKUP($A84,INDIRECT("'"&$B84&"_"&$C84&"'!"&"A:Z"),COLUMN(E$2),FALSE) -> 4.4301 | G84: =VLOOKUP($A84,INDIRECT("'"&$B84&"_"&$C84&"'!"&"A:Z"),COLUMN(F$2),FALSE) -> 0 | H84: =VLOOKUP($A84,INDIRECT("'"&$B84&"_"&$C84&"'!"&"A:Z"),COLUMN(G$2),FALSE) -> 0 | I84: =VLOOKUP($A84,INDIRECT("'"&$B84&"_"&$C84&"'!"&"A:Z"),COLUMN(H$2),FALSE) -> 0.5 | J84: =VLOOKUP($A84,INDIRECT("'"&$B84&"_"&$C84&"'!"&"A:Z"),COLUMN(O$1),FALSE) -> 0 | K84: =VLOOKUP($A84,INDIRECT("'"&$B84&"_"&$C84&"'!"&"A:Z"),COLUMN(P$1),FALSE) -> 0 | L84: =VLOOKUP($A84,INDIRECT("'"&$B84&"_"&$C84&"'!"&"A:Z"),COLUMN(Q$1),FALSE) -> 0 | M84: =VLOOKUP($A84,INDIRECT("'"&$B84&"_"&$C84&"'!"&"A:Z"),COLUMN(R$1),FALSE) -> 0 | N84: =VLOOKUP($A84,INDIRECT("'"&$B84&"_"&$C84&"'!"&"A:Z"),COLUMN(Y$1),FALSE) -> 0 | O84: =VLOOKUP($A84,INDIRECT("'"&$B84&"_"&$C84&"'!"&"A:Z"),COLUMN(T$1),FALSE) -> 0.922 | P84: =VLOOKUP($A84,INDIRECT("'"&$B84&"_"&$C84&"'!"&"A:Z"),COLUMN(U$1),FALSE) -> 0 | Q84: =VLOOKUP($A84,INDIRECT("'"&$B84&"_"&$C84&"'!"&"A:Z"),COLUMN(M$1),FALSE) -> -82.418 | R84: =Q84-Q$114 -> 0.0445
A85: V | B85: Zn | C85: PBESolD3 | D85: =VLOOKUP($A85,INDIRECT("'"&$B85&"_"&$C85&"'!"&"A:Z"),COLUMN(B$1),FALSE) -> Zn_Zn_C_PBESolD3_ver | E85: =VLOOKUP($A85,INDIRECT("'"&$B85&"_"&$C85&"'!"&"A:Z"),COLUMN(D$1),FALSE) -> 3.221 | F85: =VLOOKUP($A85,INDIRECT("'"&$B85&"_"&$C85&"'!"&"A:Z"),COLUMN(E$2),FALSE) -> 5.1943 | G85: =VLOOKUP($A85,INDIRECT("'"&$B85&"_"&$C85&"'!"&"A:Z"),COLUMN(F$2),FALSE) -> 0 | H85: =VLOOKUP($A85,INDIRECT("'"&$B85&"_"&$C85&"'!"&"A:Z"),COLUMN(G$2),FALSE) -> 0 | I85: =VLOOKUP($A85,INDIRECT("'"&$B85&"_"&$C85&"'!"&"A:Z"),COLUMN(H$2),FALSE) -> 0.5 | J85: =VLOOKUP($A85,INDIRECT("'"&$B85&"_"&$C85&"'!"&"A:Z"),COLUMN(O$1),FALSE) -> 0.3851 | K85: =VLOOKUP($A85,INDIRECT("'"&$B85&"_"&$C85&"'!"&"A:Z"),COLUMN(P$1),FALSE) -> 59.3312 | L85: =VLOOKUP($A85,INDIRECT("'"&$B85&"_"&$C85&"'!"&"A:Z"),COLUMN(Q$1),FALSE) -> 23.0868 | M85: =VLOOKUP($A85,INDIRECT("'"&$B85&"_"&$C85&"'!"&"A:Z"),COLUMN(R$1),FALSE) -> 82.418 | N85: =VLOOKUP($A85,INDIRECT("'"&$B85&"_"&$C85&"'!"&"A:Z"),COLUMN(Y$1),FALSE) -> 82.8031 | O85: =VLOOKUP($A85,INDIRECT("'"&$B85&"_"&$C85&"'!"&"A:Z"),COLUMN(T$1),FALSE) -> 0.843 | P85: =VLOOKUP($A85,INDIRECT("'"&$B85&"_"&$C85&"'!"&"A:Z"),COLUMN(U$1),FALSE) -> 0 | Q85: =VLOOKUP($A85,INDIRECT("'"&$B85&"_"&$C85&"'!"&"A:Z"),COLUMN(M$1),FALSE) -> 0
I86: B-A | J86: =J83-J82 -> 0.202 | K86: =K83-K82 -> 59.5798 | L86: =L83-L82 -> 23.0258 | M86: =M83-M82 -> 82.6056
A87: A | B87: Zn | C87: PBESol | D87: =VLOOKUP($A87,INDIRECT("'"&$B87&"_"&$C87&"'!"&"A:Z"),COLUMN(B$1),FALSE) -> Zn_Zn_C_PBESol_999 | E87: =VLOOKUP($A87,INDIRECT("'"&$B87&"_"&$C87&"'!"&"A:Z"),COLUMN(D$1),FALSE) -> 3.2396 | F87: =VLOOKUP($A87,INDIRECT("'"&$B87&"_"&$C87&"'!"&"A:Z"),COLUMN(E$2),FALSE) -> 5.2248 | G87: =VLOOKUP($A87,INDIRECT("'"&$B87&"_"&$C87&"'!"&"A:Z"),COLUMN(F$2),FALSE) -> 0.63105134 | H87: =VLOOKUP($A87,INDIRECT("'"&$B87&"_"&$C87&"'!"&"A:Z"),COLUMN(G$2),FALSE) -> 0.63070651 | I87: =VLOOKUP($A87,INDIRECT("'"&$B87&"_"&$C87&"'!"&"A:Z"),COLUMN(H$2),FALSE) -> 0.500055 | J87: =VLOOKUP($A87,INDIRECT("'"&$B87&"_"&$C87&"'!"&"A:Z"),COLUMN(O$1),FALSE) -> -0.2375 | K87: =VLOOKUP($A87,INDIRECT("'"&$B87&"_"&$C87&"'!"&"A:Z"),COLUMN(P$1),FALSE) -> -0.2482 | L87: =VLOOKUP($A87,INDIRECT("'"&$B87&"_"&$C87&"'!"&"A:Z"),COLUMN(Q$1),FALSE) -> 0.0712 | M87: =VLOOKUP($A87,INDIRECT("'"&$B87&"_"&$C87&"'!"&"A:Z"),COLUMN(R$1),FALSE) -> -0.177 | N87: =VLOOKUP($A87,INDIRECT("'"&$B87&"_"&$C87&"'!"&"A:Z"),COLUMN(Y$1),FALSE) -> -0.4145 | O87: =VLOOKUP($A87,INDIRECT("'"&$B87&"_"&$C87&"'!"&"A:Z"),COLUMN($T$1),FALSE) -> 0.694 | P87: =VLOOKUP($A87,INDIRECT("'"&$B87&"_"&$C87&"'!"&"A:Z"),COLUMN($U$1),FALSE) -> 0 | Q87: =VLOOKUP($A87,INDIRECT("'"&$B87&"_"&$C87&"'!"&"A:Z"),COLUMN($M$1),FALSE) -> -82.6295 | R87: =Q87-Q$112 -> 0.0175 | S87: =SUM(R87:R89) -> 0.0275 | U87: =ABS(E87-E$112)+ABS(F87-F$112)+ABS(E89-E$114)+ABS(F89-F$114) -> 0.0701
A88: B | B88: Zn | C88: PBESol | D88: =VLOOKUP($A88,INDIRECT("'"&$B88&"_"&$C88&"'!"&"A:Z"),COLUMN(B$1),FALSE) -> Zn_Zn_C_PBESol_125 | E88: =VLOOKUP($A88,INDIRECT("'"&$B88&"_"&$C88&"'!"&"A:Z"),COLUMN(D$1),FALSE) -> 3.4153 | F88: =VLOOKUP($A88,INDIRECT("'"&$B88&"_"&$C88&"'!"&"A:Z"),COLUMN(E$2),FALSE) -> 4.5201 | G88: =VLOOKUP($A88,INDIRECT("'"&$B88&"_"&$C88&"'!"&"A:Z"),COLUMN(F$2),FALSE) -> 0.08044874 | H88: =VLOOKUP($A88,INDIRECT("'"&$B88&"_"&$C88&"'!"&"A:Z"),COLUMN(G$2),FALSE) -> 0.077682439 | I88: =VLOOKUP($A88,INDIRECT("'"&$B88&"_"&$C88&"'!"&"A:Z"),COLUMN(H$2),FALSE) -> 0.502707 | J88: =VLOOKUP($A88,INDIRECT("'"&$B88&"_"&$C88&"'!"&"A:Z"),COLUMN(O$1),FALSE) -> -0.0025 | K88: =VLOOKUP($A88,INDIRECT("'"&$B88&"_"&$C88&"'!"&"A:Z"),COLUMN(P$1),FALSE) -> 59.3635 | L88: =VLOOKUP($A88,INDIRECT("'"&$B88&"_"&$C88&"'!"&"A:Z"),COLUMN(Q$1),FALSE) -> 23.089 | M88: =VLOOKUP($A88,INDIRECT("'"&$B88&"_"&$C88&"'!"&"A:Z"),COLUMN(R$1),FALSE) -> 82.4525 | N88: =VLOOKUP($A88,INDIRECT("'"&$B88&"_"&$C88&"'!"&"A:Z"),COLUMN(Y$1),FALSE) -> 82.45 | O88: =VLOOKUP($A88,INDIRECT("'"&$B88&"_"&$C88&"'!"&"A:Z"),COLUMN(T$1),FALSE) -> 0.938 | P88: =VLOOKUP($A88,INDIRECT("'"&$B88&"_"&$C88&"'!"&"A:Z"),COLUMN(U$1),FALSE) -> 0 | Q88: {=INDIRECT("'"&$B88&"_"&$C88&"'!"&"M30")} -> 0
A89: C | B89: Zn | C89: PBESol | D89: =VLOOKUP($A89,INDIRECT("'"&$B89&"_"&$C89&"'!"&"A:Z"),COLUMN(B$1),FALSE) -> Zn_Zn_C_PBESol_000 | E89: =VLOOKUP($A89,INDIRECT("'"&$B89&"_"&$C89&"'!"&"A:Z"),COLUMN(D$1),FALSE) -> 3.426 | F89: =VLOOKUP($A89,INDIRECT("'"&$B89&"_"&$C89&"'!"&"A:Z"),COLUMN(E$2),FALSE) -> 4.4773 | G89: =VLOOKUP($A89,INDIRECT("'"&$B89&"_"&$C89&"'!"&"A:Z"),COLUMN(F$2),FALSE) -> 0 | H89: =VLOOKUP($A89,INDIRECT("'"&$B89&"_"&$C89&"'!"&"A:Z"),COLUMN(G$2),FALSE) -> 0 | I89: =VLOOKUP($A89,INDIRECT("'"&$B89&"_"&$C89&"'!"&"A:Z"),COLUMN(H$2),FALSE) -> 0.5 | J89: =VLOOKUP($A89,INDIRECT("'"&$B89&"_"&$C89&"'!"&"A:Z"),COLUMN(O$1),FALSE) -> 0 | K89: =VLOOKUP($A89,INDIRECT("'"&$B89&"_"&$C89&"'!"&"A:Z"),COLUMN(P$1),FALSE) -> 0 | L89: =VLOOKUP($A89,INDIRECT("'"&$B89&"_"&$C89&"'!"&"A:Z"),COLUMN(Q$1),FALSE) -> 0 | M89: =VLOOKUP($A89,INDIRECT("'"&$B89&"_"&$C89&"'!"&"A:Z"),COLUMN(R$1),FALSE) -> 0 | N89: =VLOOKUP($A89,INDIRECT("'"&$B89&"_"&$C89&"'!"&"A:Z"),COLUMN(Y$1),FALSE) -> 0 | O89: =VLOOKUP($A89,INDIRECT("'"&$B89&"_"&$C89&"'!"&"A:Z"),COLUMN(T$1),FALSE) -> 0.899 | P89: =VLOOKUP($A89,INDIRECT("'"&$B89&"_"&$C89&"'!"&"A:Z"),COLUMN(U$1),FALSE) -> 0 | Q89: =VLOOKUP($A89,INDIRECT("'"&$B89&"_"&$C89&"'!"&"A:Z"),COLUMN(M$1),FALSE) -> -82.4525 | R89: =Q89-Q$114 -> 0.01
A90: V | B90: Zn | C90: PBESol | D90: =VLOOKUP($A90,INDIRECT("'"&$B90&"_"&$C90&"'!"&"A:Z"),COLUMN(B$1),FALSE) -> Zn_Zn_C_PBESol_ver | E90: =VLOOKUP($A90,INDIRECT("'"&$B90&"_"&$C90&"'!"&"A:Z"),COLUMN(D$1),FALSE) -> 3.2396 | F90: =VLOOKUP($A90,INDIRECT("'"&$B90&"_"&$C90&"'!"&"A:Z"),COLUMN(E$2),FALSE) -> 5.2248 | G90: =VLOOKUP($A90,INDIRECT("'"&$B90&"_"&$C90&"'!"&"A:Z"),COLUMN(F$2),FALSE) -> 0 | H90: =VLOOKUP($A90,INDIRECT("'"&$B90&"_"&$C90&"'!"&"A:Z"),COLUMN(G$2),FALSE) -> 0 | I90: =VLOOKUP($A90,INDIRECT("'"&$B90&"_"&$C90&"'!"&"A:Z"),COLUMN(H$2),FALSE) -> 0.5 | J90: =VLOOKUP($A90,INDIRECT("'"&$B90&"_"&$C90&"'!"&"A:Z"),COLUMN(O$1),FALSE) -> 0.3136 | K90: =VLOOKUP($A90,INDIRECT("'"&$B90&"_"&$C90&"'!"&"A:Z"),COLUMN(P$1),FALSE) -> 59.3635 | L90: =VLOOKUP($A90,INDIRECT("'"&$B90&"_"&$C90&"'!"&"A:Z"),COLUMN(Q$1),FALSE) -> 23.089 | M90: =VLOOKUP($A90,INDIRECT("'"&$B90&"_"&$C90&"'!"&"A:Z"),COLUMN(R$1),FALSE) -> 82.4525 | N90: =VLOOKUP($A90,INDIRECT("'"&$B90&"_"&$C90&"'!"&"A:Z"),COLUMN(Y$1),FALSE) -> 82.7661 | O90: =VLOOKUP($A90,INDIRECT("'"&$B90&"_"&$C90&"'!"&"A:Z"),COLUMN(T$1),FALSE) -> 0.822 | P90: =VLOOKUP($A90,INDIRECT("'"&$B90&"_"&$C90&"'!"&"A:Z"),COLUMN(U$1),FALSE) -> 0 | Q90: =VLOOKUP($A90,INDIRECT("'"&$B90&"_"&$C90&"'!"&"A:Z"),COLUMN(M$1),FALSE) -> 0
I91: B-A | J91: =J88-J87 -> 0.235 | K91: =K88-K87 -> 59.6117 | L91: =L88-L87 -> 23.0178 | M91: =M88-M87 -> 82.6295
A92: A | B92: Zn | C92: HFD3 | D92: =VLOOKUP($A92,INDIRECT("'"&$B92&"_"&$C92&"'!"&"A:Z"),COLUMN(B$1),FALSE) -> Zn_Zn_C_HFD3_999 | E92: =VLOOKUP($A92,INDIRECT("'"&$B92&"_"&$C92&"'!"&"A:Z"),COLUMN(D$1),FALSE) -> 3.2088 | F92: =VLOOKUP($A92,INDIRECT("'"&$B92&"_"&$C92&"'!"&"A:Z"),COLUMN(E$2),FALSE) -> 5.0508 | G92: =VLOOKUP($A92,INDIRECT("'"&$B92&"_"&$C92&"'!"&"A:Z"),COLUMN(F$2),FALSE) -> 0.56921506 | H92: =VLOOKUP($A92,INDIRECT("'"&$B92&"_"&$C92&"'!"&"A:Z"),COLUMN(G$2),FALSE) -> 0.5691393 | I92: =VLOOKUP($A92,INDIRECT("'"&$B92&"_"&$C92&"'!"&"A:Z"),COLUMN(H$2),FALSE) -> 0.500013 | J92: =VLOOKUP($A92,INDIRECT("'"&$B92&"_"&$C92&"'!"&"A:Z"),COLUMN(O$1),FALSE) -> -0.0275 | K92: =VLOOKUP($A92,INDIRECT("'"&$B92&"_"&$C92&"'!"&"A:Z"),COLUMN(P$1),FALSE) -> -0.2613 | L92: =VLOOKUP($A92,INDIRECT("'"&$B92&"_"&$C92&"'!"&"A:Z"),COLUMN(Q$1),FALSE) -> 0.0528 | M92: =VLOOKUP($A92,INDIRECT("'"&$B92&"_"&$C92&"'!"&"A:Z"),COLUMN(R$1),FALSE) -> -0.2085 | N92: =VLOOKUP($A92,INDIRECT("'"&$B92&"_"&$C92&"'!"&"A:Z"),COLUMN(Y$1),FALSE) -> -0.236 | O92: =VLOOKUP($A92,INDIRECT("'"&$B92&"_"&$C92&"'!"&"A:Z"),COLUMN($T$1),FALSE) -> 11.561 | P92: =VLOOKUP($A92,INDIRECT("'"&$B92&"_"&$C92&"'!"&"A:Z"),COLUMN($U$1),FALSE) -> 0 | Q92: =VLOOKUP($A92,INDIRECT("'"&$B92&"_"&$C92&"'!"&"A:Z"),COLUMN($M$1),FALSE) -> -82.5114 | R92: =Q92-Q$112 -> 0.1356 | S92: =SUM(R92:R94) -> 0.2952 | U92: =ABS(E92-E$112)+ABS(F92-F$112)+ABS(E94-E$114)+ABS(F94-F$114) -> 0.4016
A93: B | B93: Zn | C93: HFD3 | D93: =VLOOKUP($A93,INDIRECT("'"&$B93&"_"&$C93&"'!"&"A:Z"),COLUMN(B$1),FALSE) -> Zn_Zn_C_HFD3_438 | E93: =VLOOKUP($A93,INDIRECT("'"&$B93&"_"&$C93&"'!"&"A:Z"),COLUMN(D$1),FALSE) -> 3.3344 | F93: =VLOOKUP($A93,INDIRECT("'"&$B93&"_"&$C93&"'!"&"A:Z"),COLUMN(E$2),FALSE) -> 4.5315 | G93: =VLOOKUP($A93,INDIRECT("'"&$B93&"_"&$C93&"'!"&"A:Z"),COLUMN(F$2),FALSE) -> 0.22088344 | H93: =VLOOKUP($A93,INDIRECT("'"&$B93&"_"&$C93&"'!"&"A:Z"),COLUMN(G$2),FALSE) -> 0.22137737 | I93: =VLOOKUP($A93,INDIRECT("'"&$B93&"_"&$C93&"'!"&"A:Z"),COLUMN(H$2),FALSE) -> 0.499444 | J93: =VLOOKUP($A93,INDIRECT("'"&$B93&"_"&$C93&"'!"&"A:Z"),COLUMN(O$1),FALSE) -> 0.0344 | K93: =VLOOKUP($A93,INDIRECT("'"&$B93&"_"&$C93&"'!"&"A:Z"),COLUMN(P$1),FALSE) -> 59.2105 | L93: =VLOOKUP($A93,INDIRECT("'"&$B93&"_"&$C93&"'!"&"A:Z"),COLUMN(Q$1),FALSE) -> 23.0924 | M93: =VLOOKUP($A93,INDIRECT("'"&$B93&"_"&$C93&"'!"&"A:Z"),COLUMN(R$1),FALSE) -> 82.3029 | N93: =VLOOKUP($A93,INDIRECT("'"&$B93&"_"&$C93&"'!"&"A:Z"),COLUMN(Y$1),FALSE) -> 82.3373 | O93: =VLOOKUP($A93,INDIRECT("'"&$B93&"_"&$C93&"'!"&"A:Z"),COLUMN(T$1),FALSE) -> 11.772 | P93: =VLOOKUP($A93,INDIRECT("'"&$B93&"_"&$C93&"'!"&"A:Z"),COLUMN(U$1),FALSE) -> 0 | Q93: {=INDIRECT("'"&$B93&"_"&$C93&"'!"&"M30")} -> 0
A94: C | B94: Zn | C94: HFD3 | D94: =VLOOKUP($A94,INDIRECT("'"&$B94&"_"&$C94&"'!"&"A:Z"),COLUMN(B$1),FALSE) -> Zn_Zn_C_HFD3_000 | E94: =VLOOKUP($A94,INDIRECT("'"&$B94&"_"&$C94&"'!"&"A:Z"),COLUMN(D$1),FALSE) -> 3.3862 | F94: =VLOOKUP($A94,INDIRECT("'"&$B94&"_"&$C94&"'!"&"A:Z"),COLUMN(E$2),FALSE) -> 4.3176 | G94: =VLOOKUP($A94,INDIRECT("'"&$B94&"_"&$C94&"'!"&"A:Z"),COLUMN(F$2),FALSE) -> 0 | H94: =VLOOKUP($A94,INDIRECT("'"&$B94&"_"&$C94&"'!"&"A:Z"),COLUMN(G$2),FALSE) -> 0 | I94: =VLOOKUP($A94,INDIRECT("'"&$B94&"_"&$C94&"'!"&"A:Z"),COLUMN(H$2),FALSE) -> 0.5 | J94: =VLOOKUP($A94,INDIRECT("'"&$B94&"_"&$C94&"'!"&"A:Z"),COLUMN(O$1),FALSE) -> 0 | K94: =VLOOKUP($A94,INDIRECT("'"&$B94&"_"&$C94&"'!"&"A:Z"),COLUMN(P$1),FALSE) -> 0 | L94: =VLOOKUP($A94,INDIRECT("'"&$B94&"_"&$C94&"'!"&"A:Z"),COLUMN(Q$1),FALSE) -> 0 | M94: =VLOOKUP($A94,INDIRECT("'"&$B94&"_"&$C94&"'!"&"A:Z"),COLUMN(R$1),FALSE) -> 0 | N94: =VLOOKUP($A94,INDIRECT("'"&$B94&"_"&$C94&"'!"&"A:Z"),COLUMN(Y$1),FALSE) -> 0 | O94: =VLOOKUP($A94,INDIRECT("'"&$B94&"_"&$C94&"'!"&"A:Z"),COLUMN(T$1),FALSE) -> 11.705 | P94: =VLOOKUP($A94,INDIRECT("'"&$B94&"_"&$C94&"'!"&"A:Z"),COLUMN(U$1),FALSE) -> 0 | Q94: =VLOOKUP($A94,INDIRECT("'"&$B94&"_"&$C94&"'!"&"A:Z"),COLUMN(M$1),FALSE) -> -82.3029 | R94: =Q94-Q$114 -> 0.1596
A95: V | B95: Zn | C95: HFD3 | D95: =VLOOKUP($A95,INDIRECT("'"&$B95&"_"&$C95&"'!"&"A:Z"),COLUMN(B$1),FALSE) -> Zn_Zn_C_HFD3_ver | E95: =VLOOKUP($A95,INDIRECT("'"&$B95&"_"&$C95&"'!"&"A:Z"),COLUMN(D$1),FALSE) -> 3.2088 | F95: =VLOOKUP($A95,INDIRECT("'"&$B95&"_"&$C95&"'!"&"A:Z"),COLUMN(E$2),FALSE) -> 5.0508 | G95: =VLOOKUP($A95,INDIRECT("'"&$B95&"_"&$C95&"'!"&"A:Z"),COLUMN(F$2),FALSE) -> 0 | H95: =VLOOKUP($A95,INDIRECT("'"&$B95&"_"&$C95&"'!"&"A:Z"),COLUMN(G$2),FALSE) -> 0 | I95: =VLOOKUP($A95,INDIRECT("'"&$B95&"_"&$C95&"'!"&"A:Z"),COLUMN(H$2),FALSE) -> 0.5 | J95: =VLOOKUP($A95,INDIRECT("'"&$B95&"_"&$C95&"'!"&"A:Z"),COLUMN(O$1),FALSE) -> 0.6141 | K95: =VLOOKUP($A95,INDIRECT("'"&$B95&"_"&$C95&"'!"&"A:Z"),COLUMN(P$1),FALSE) -> 59.2105 | L95: =VLOOKUP($A95,INDIRECT("'"&$B95&"_"&$C95&"'!"&"A:Z"),COLUMN(Q$1),FALSE) -> 23.0924 | M95: =VLOOKUP($A95,INDIRECT("'"&$B95&"_"&$C95&"'!"&"A:Z"),COLUMN(R$1),FALSE) -> 82.3029 | N95: =VLOOKUP($A95,INDIRECT("'"&$B95&"_"&$C95&"'!"&"A:AZ"),COLUMN(AH$1),FALSE) -> 0 | O95: =VLOOKUP($A95,INDIRECT("'"&$B95&"_"&$C95&"'!"&"A:Z"),COLUMN(T$1),FALSE) -> 11.674 | P95: =VLOOKUP($A95,INDIRECT("'"&$B95&"_"&$C95&"'!"&"A:Z"),COLUMN(U$1),FALSE) -> 0 | Q95: =VLOOKUP($A95,INDIRECT("'"&$B95&"_"&$C95&"'!"&"A:Z"),COLUMN(M$1),FALSE) -> 0
I96: B-A | J96: =J93-J92 -> 0.0619 | K96: =K93-K92 -> 59.4718 | L96: =L93-L92 -> 23.0396 | M96: =M93-M92 -> 82.5114
A97: A | B97: Zn | C97: HF | D97: =VLOOKUP($A97,INDIRECT("'"&$B97&"_"&$C97&"'!"&"A:Z"),COLUMN(B$1),FALSE) -> Zn_Zn_C_HF_999 | E97: =VLOOKUP($A97,INDIRECT("'"&$B97&"_"&$C97&"'!"&"A:Z"),COLUMN(D$1),FALSE) -> 3.2885 | F97: =VLOOKUP($A97,INDIRECT("'"&$B97&"_"&$C97&"'!"&"A:Z"),COLUMN(E$2),FALSE) -> 5.255 | G97: =VLOOKUP($A97,INDIRECT("'"&$B97&"_"&$C97&"'!"&"A:Z"),COLUMN(F$2),FALSE) -> 0.61896543 | H97: =VLOOKUP($A97,INDIRECT("'"&$B97&"_"&$C97&"'!"&"A:Z"),COLUMN(G$2),FALSE) -> 0.61902323 | I97: =VLOOKUP($A97,INDIRECT("'"&$B97&"_"&$C97&"'!"&"A:Z"),COLUMN(H$2),FALSE) -> 0.499989 | J97: =VLOOKUP($A97,INDIRECT("'"&$B97&"_"&$C97&"'!"&"A:Z"),COLUMN(O$1),FALSE) -> -0.3047 | K97: =VLOOKUP($A97,INDIRECT("'"&$B97&"_"&$C97&"'!"&"A:Z"),COLUMN(P$1),FALSE) -> -0.2684 | L97: =VLOOKUP($A97,INDIRECT("'"&$B97&"_"&$C97&"'!"&"A:Z"),COLUMN(Q$1),FALSE) -> 0.076 | M97: =VLOOKUP($A97,INDIRECT("'"&$B97&"_"&$C97&"'!"&"A:Z"),COLUMN(R$1),FALSE) -> -0.1924 | N97: =VLOOKUP($A97,INDIRECT("'"&$B97&"_"&$C97&"'!"&"A:Z"),COLUMN(Y$1),FALSE) -> -0.4971 | O97: =VLOOKUP($A97,INDIRECT("'"&$B97&"_"&$C97&"'!"&"A:Z"),COLUMN($T$1),FALSE) -> 11.123 | P97: =VLOOKUP($A97,INDIRECT("'"&$B97&"_"&$C97&"'!"&"A:Z"),COLUMN($U$1),FALSE) -> 0 | Q97: =VLOOKUP($A97,INDIRECT("'"&$B97&"_"&$C97&"'!"&"A:Z"),COLUMN($M$1),FALSE) -> -82.647 | R97: =Q97-Q$112 -> 0 | S97: =SUM(R97:R99) -> 0.0079 | U97: =ABS(E97-E$112)+ABS(F97-F$112)+ABS(E99-E$114)+ABS(F99-F$114) -> 0.176
A98: B | B98: Zn | C98: HF | D98: =VLOOKUP($A98,INDIRECT("'"&$B98&"_"&$C98&"'!"&"A:Z"),COLUMN(B$1),FALSE) -> Zn_Zn_C_HF_125 | E98: =VLOOKUP($A98,INDIRECT("'"&$B98&"_"&$C98&"'!"&"A:Z"),COLUMN(D$1),FALSE) -> 3.4388 | F98: =VLOOKUP($A98,INDIRECT("'"&$B98&"_"&$C98&"'!"&"A:Z"),COLUMN(E$2),FALSE) -> 4.6164 | G98: =VLOOKUP($A98,INDIRECT("'"&$B98&"_"&$C98&"'!"&"A:Z"),COLUMN(F$2),FALSE) -> 0.10387823 | H98: =VLOOKUP($A98,INDIRECT("'"&$B98&"_"&$C98&"'!"&"A:Z"),COLUMN(G$2),FALSE) -> 0.09572567 | I98: =VLOOKUP($A98,INDIRECT("'"&$B98&"_"&$C98&"'!"&"A:Z"),COLUMN(H$2),FALSE) -> 0.507777 | J98: =VLOOKUP($A98,INDIRECT("'"&$B98&"_"&$C98&"'!"&"A:Z"),COLUMN(O$1),FALSE) -> -0.0068 | K98: =VLOOKUP($A98,INDIRECT("'"&$B98&"_"&$C98&"'!"&"A:Z"),COLUMN(P$1),FALSE) -> 59.3718 | L98: =VLOOKUP($A98,INDIRECT("'"&$B98&"_"&$C98&"'!"&"A:Z"),COLUMN(Q$1),FALSE) -> 23.0828 | M98: =VLOOKUP($A98,INDIRECT("'"&$B98&"_"&$C98&"'!"&"A:Z"),COLUMN(R$1),FALSE) -> 82.4546 | N98: =VLOOKUP($A98,INDIRECT("'"&$B98&"_"&$C98&"'!"&"A:Z"),COLUMN(Y$1),FALSE) -> 82.4478 | O98: =VLOOKUP($A98,INDIRECT("'"&$B98&"_"&$C98&"'!"&"A:Z"),COLUMN(T$1),FALSE) -> 11.348 | P98: =VLOOKUP($A98,INDIRECT("'"&$B98&"_"&$C98&"'!"&"A:Z"),COLUMN(U$1),FALSE) -> 0 | Q98: {=INDIRECT("'"&$B98&"_"&$C98&"'!"&"M30")} -> 0
A99: C | B99: Zn | C99: HF | D99: =VLOOKUP($A99,INDIRECT("'"&$B99&"_"&$C99&"'!"&"A:Z"),COLUMN(B$1),FALSE) -> Zn_Zn_C_HF_000 | E99: =VLOOKUP($A99,INDIRECT("'"&$B99&"_"&$C99&"'!"&"A:Z"),COLUMN(D$1),FALSE) -> 3.4552 | F99: =VLOOKUP($A99,INDIRECT("'"&$B99&"_"&$C99&"'!"&"A:Z"),COLUMN(E$2),FALSE) -> 4.5423 | G99: =VLOOKUP($A99,INDIRECT("'"&$B99&"_"&$C99&"'!"&"A:Z"),COLUMN(F$2),FALSE) -> 0 | H99: =VLOOKUP($A99,INDIRECT("'"&$B99&"_"&$C99&"'!"&"A:Z"),COLUMN(G$2),FALSE) -> 0 | I99: =VLOOKUP($A99,INDIRECT("'"&$B99&"_"&$C99&"'!"&"A:Z"),COLUMN(H$2),FALSE) -> 0.5 | J99: =VLOOKUP($A99,INDIRECT("'"&$B99&"_"&$C99&"'!"&"A:Z"),COLUMN(O$1),FALSE) -> 0 | K99: =VLOOKUP($A99,INDIRECT("'"&$B99&"_"&$C99&"'!"&"A:Z"),COLUMN(P$1),FALSE) -> 0 | L99: =VLOOKUP($A99,INDIRECT("'"&$B99&"_"&$C99&"'!"&"A:Z"),COLUMN(Q$1),FALSE) -> 0 | M99: =VLOOKUP($A99,INDIRECT("'"&$B99&"_"&$C99&"'!"&"A:Z"),COLUMN(R$1),FALSE) -> 0 | N99: =VLOOKUP($A99,INDIRECT("'"&$B99&"_"&$C99&"'!"&"A:Z"),COLUMN(Y$1),FALSE) -> 0 | O99: =VLOOKUP($A99,INDIRECT("'"&$B99&"_"&$C99&"'!"&"A:Z"),COLUMN(T$1),FALSE) -> 11.323 | P99: =VLOOKUP($A99,INDIRECT("'"&$B99&"_"&$C99&"'!"&"A:Z"),COLUMN(U$1),FALSE) -> 0 | Q99: =VLOOKUP($A99,INDIRECT("'"&$B99&"_"&$C99&"'!"&"A:Z"),COLUMN(M$1),FALSE) -> -82.4546 | R99: =Q99-Q$114 -> 0.0079
A100: V | B100: Zn | C100: HF | D100: =VLOOKUP($A100,INDIRECT("'"&$B100&"_"&$C100&"'!"&"A:Z"),COLUMN(B$1),FALSE) -> Zn_Zn_C_HF_ver | E100: =VLOOKUP($A100,INDIRECT("'"&$B100&"_"&$C100&"'!"&"A:Z"),COLUMN(D$1),FALSE) -> 3.2885 | F100: =VLOOKUP($A100,INDIRECT("'"&$B100&"_"&$C100&"'!"&"A:Z"),COLUMN(E$2),FALSE) -> 5.255 | G100: =VLOOKUP($A100,INDIRECT("'"&$B100&"_"&$C100&"'!"&"A:Z"),COLUMN(F$2),FALSE) -> 0 | H100: =VLOOKUP($A100,INDIRECT("'"&$B100&"_"&$C100&"'!"&"A:Z"),COLUMN(G$2),FALSE) -> 0 | I100: =VLOOKUP($A100,INDIRECT("'"&$B100&"_"&$C100&"'!"&"A:Z"),COLUMN(H$2),FALSE) -> 0.5 | J100: =VLOOKUP($A100,INDIRECT("'"&$B100&"_"&$C100&"'!"&"A:Z"),COLUMN(O$1),FALSE) -> 0.2331 | K100: =VLOOKUP($A100,INDIRECT("'"&$B100&"_"&$C100&"'!"&"A:Z"),COLUMN(P$1),FALSE) -> 59.3718 | L100: =VLOOKUP($A100,INDIRECT("'"&$B100&"_"&$C100&"'!"&"A:Z"),COLUMN(Q$1),FALSE) -> 23.0828 | M100: =VLOOKUP($A100,INDIRECT("'"&$B100&"_"&$C100&"'!"&"A:Z"),COLUMN(R$1),FALSE) -> 82.4546 | N100: =VLOOKUP($A100,INDIRECT("'"&$B100&"_"&$C100&"'!"&"A:AZ"),COLUMN(AH$1),FALSE) -> 0 | O100: =VLOOKUP($A100,INDIRECT("'"&$B100&"_"&$C100&"'!"&"A:Z"),COLUMN(T$1),FALSE) -> 11.281 | P100: =VLOOKUP($A100,INDIRECT("'"&$B100&"_"&$C100&"'!"&"A:Z"),COLUMN(U$1),FALSE) -> 0 | Q100: =VLOOKUP($A100,INDIRECT("'"&$B100&"_"&$C100&"'!"&"A:Z"),COLUMN(M$1),FALSE) -> 0
I101: B-A | J101: =J98-J97 -> 0.2979 | K101: =K98-K97 -> 59.6402 | L101: =L98-L97 -> 23.0068 | M101: =M98-M97 -> 82.647
A102: A | B102: Zn | C102: R2SCANRVV10 | D102: =VLOOKUP($A102,INDIRECT("'"&$B102&"_"&$C102&"'!"&"A:Z"),COLUMN(B$1),FALSE) -> Zn_Zn_C_R2SCANRVV10_999 | E102: =VLOOKUP($A102,INDIRECT("'"&$B102&"_"&$C102&"'!"&"A:Z"),COLUMN(D$1),FALSE) -> 3.2412 | F102: =VLOOKUP($A102,INDIRECT("'"&$B102&"_"&$C102&"'!"&"A:Z"),COLUMN(E$2),FALSE) -> 5.2194 | G102: =VLOOKUP($A102,INDIRECT("'"&$B102&"_"&$C102&"'!"&"A:Z"),COLUMN(F$2),FALSE) -> 0.62796689 | H102: =VLOOKUP($A102,INDIRECT("'"&$B102&"_"&$C102&"'!"&"A:Z"),COLUMN(G$2),FALSE) -> 0.62796689 | I102: =VLOOKUP($A102,INDIRECT("'"&$B102&"_"&$C102&"'!"&"A:Z"),COLUMN(H$2),FALSE) -> 0.5 | J102: =VLOOKUP($A102,INDIRECT("'"&$B102&"_"&$C102&"'!"&"A:Z"),COLUMN(O$1),FALSE) -> -0.2161 | K102: =VLOOKUP($A102,INDIRECT("'"&$B102&"_"&$C102&"'!"&"A:Z"),COLUMN(P$1),FALSE) -> -0.2519 | L102: =VLOOKUP($A102,INDIRECT("'"&$B102&"_"&$C102&"'!"&"A:Z"),COLUMN(Q$1),FALSE) -> 0.0687 | M102: =VLOOKUP($A102,INDIRECT("'"&$B102&"_"&$C102&"'!"&"A:Z"),COLUMN(R$1),FALSE) -> -0.1832 | N102: =VLOOKUP($A102,INDIRECT("'"&$B102&"_"&$C102&"'!"&"A:Z"),COLUMN(Y$1),FALSE) -> -0.2295 | O102: =VLOOKUP($A102,INDIRECT("'"&$B102&"_"&$C102&"'!"&"A:Z"),COLUMN($T$1),FALSE) -> 1.204 | P102: =VLOOKUP($A102,INDIRECT("'"&$B102&"_"&$C102&"'!"&"A:Z"),COLUMN($U$1),FALSE) -> 0 | Q102: =VLOOKUP($A102,INDIRECT("'"&$B102&"_"&$C102&"'!"&"A:Z"),COLUMN($M$1),FALSE) -> -82.6299 | R102: =Q102-Q$112 -> 0.0171 | S102: =SUM(R102:R104) -> 0.0329 | U102: =ABS(E102-E$112)+ABS(F102-F$112)+ABS(E104-E$114)+ABS(F104-F$114) -> 0.056
A103: B | B103: Zn | C103: R2SCANRVV10 | D103: =VLOOKUP($A103,INDIRECT("'"&$B103&"_"&$C103&"'!"&"A:Z"),COLUMN(B$1),FALSE) -> Zn_Zn_C_R2SCANRVV10_125 | E103: =VLOOKUP($A103,INDIRECT("'"&$B103&"_"&$C103&"'!"&"A:Z"),COLUMN(D$1),FALSE) -> 3.4173 | F103: =VLOOKUP($A103,INDIRECT("'"&$B103&"_"&$C103&"'!"&"A:Z"),COLUMN(E$2),FALSE) -> 4.508 | G103: =VLOOKUP($A103,INDIRECT("'"&$B103&"_"&$C103&"'!"&"A:Z"),COLUMN(F$2),FALSE) -> 0.0776503 | H103: =VLOOKUP($A103,INDIRECT("'"&$B103&"_"&$C103&"'!"&"A:Z"),COLUMN(G$2),FALSE) -> 0.073286556 | I103: =VLOOKUP($A103,INDIRECT("'"&$B103&"_"&$C103&"'!"&"A:Z"),COLUMN(H$2),FALSE) -> 0.502186 | J103: =VLOOKUP($A103,INDIRECT("'"&$B103&"_"&$C103&"'!"&"A:Z"),COLUMN(O$1),FALSE) -> -0.0013 | K103: =VLOOKUP($A103,INDIRECT("'"&$B103&"_"&$C103&"'!"&"A:Z"),COLUMN(P$1),FALSE) -> 59.3604 | L103: =VLOOKUP($A103,INDIRECT("'"&$B103&"_"&$C103&"'!"&"A:Z"),COLUMN(Q$1),FALSE) -> 23.0863 | M103: =VLOOKUP($A103,INDIRECT("'"&$B103&"_"&$C103&"'!"&"A:Z"),COLUMN(R$1),FALSE) -> 82.4467 | N103: =VLOOKUP($A103,INDIRECT("'"&$B103&"_"&$C103&"'!"&"A:Z"),COLUMN(Y$1),FALSE) -> 82.4428 | O103: =VLOOKUP($A103,INDIRECT("'"&$B103&"_"&$C103&"'!"&"A:Z"),COLUMN(T$1),FALSE) -> 1.448 | P103: =VLOOKUP($A103,INDIRECT("'"&$B103&"_"&$C103&"'!"&"A:Z"),COLUMN(U$1),FALSE) -> 0 | Q103: {=INDIRECT("'"&$B103&"_"&$C103&"'!"&"M30")} -> 0
A104: C | B104: Zn | C104: R2SCANRVV10 | D104: =VLOOKUP($A104,INDIRECT("'"&$B104&"_"&$C104&"'!"&"A:Z"),COLUMN(B$1),FALSE) -> Zn_Zn_C_R2SCANRVV10_000 | E104: =VLOOKUP($A104,INDIRECT("'"&$B104&"_"&$C104&"'!"&"A:Z"),COLUMN(D$1),FALSE) -> 3.4265 | F104: =VLOOKUP($A104,INDIRECT("'"&$B104&"_"&$C104&"'!"&"A:Z"),COLUMN(E$2),FALSE) -> 4.4707 | G104: =VLOOKUP($A104,INDIRECT("'"&$B104&"_"&$C104&"'!"&"A:Z"),COLUMN(F$2),FALSE) -> 0 | H104: =VLOOKUP($A104,INDIRECT("'"&$B104&"_"&$C104&"'!"&"A:Z"),COLUMN(G$2),FALSE) -> 0 | I104: =VLOOKUP($A104,INDIRECT("'"&$B104&"_"&$C104&"'!"&"A:Z"),COLUMN(H$2),FALSE) -> 0.5 | J104: =VLOOKUP($A104,INDIRECT("'"&$B104&"_"&$C104&"'!"&"A:Z"),COLUMN(O$1),FALSE) -> 0 | K104: =VLOOKUP($A104,INDIRECT("'"&$B104&"_"&$C104&"'!"&"A:Z"),COLUMN(P$1),FALSE) -> 0 | L104: =VLOOKUP($A104,INDIRECT("'"&$B104&"_"&$C104&"'!"&"A:Z"),COLUMN(Q$1),FALSE) -> 0 | M104: =VLOOKUP($A104,INDIRECT("'"&$B104&"_"&$C104&"'!"&"A:Z"),COLUMN(R$1),FALSE) -> 0 | N104: =VLOOKUP($A104,INDIRECT("'"&$B104&"_"&$C104&"'!"&"A:Z"),COLUMN(Y$1),FALSE) -> 0 | O104: =VLOOKUP($A104,INDIRECT("'"&$B104&"_"&$C104&"'!"&"A:Z"),COLUMN(T$1),FALSE) -> 1.412 | P104: =VLOOKUP($A104,INDIRECT("'"&$B104&"_"&$C104&"'!"&"A:Z"),COLUMN(U$1),FALSE) -> 0 | Q104: =VLOOKUP($A104,INDIRECT("'"&$B104&"_"&$C104&"'!"&"A:Z"),COLUMN(M$1),FALSE) -> -82.4467 | R104: =Q104-Q$114 -> 0.0158
...

Sheet Mg_HFD3
A1: HFD3 | C1: calc # = | D1: =COUNT(D41:D502)-6 -> 23 | J1: VASP energies | O1: change to h-ZnMgO2 | T1: Bandgap | W1: DFT KPOINTS 664 corr to MP2 332 400 | Z1: HF KPOINTS 996 corr to MP2 332 400 | AD1: MP2 332 520 | AH1: MP2 443 520
A2: Struct | B2: file | C2: RC | D2: a | E2: c | F2: z(Zn-O) | G2: z(Mg-O) | H2: interplane ratio | J2: =A1 -> HFD3 | K2: HF | L2: correl | M2: MP2 332 400 | O2: =A1 -> HFD3 | P2: HF | Q2: correl | R2: MP2 332 400 | T2: =A1 -> HFD3 | U2: HF | W2: DFT@332 | X2: corr | Y2: MP2 w DFT KP corr | Z2: HF at 996 | AA2: corr | AB2: MP2 w KP corr | AD2: total | AE2: diff to C | AF2: MP2 332 520 corr | AH2: total | AI2: diff to C
A3: A' | B3: =B39 -> Zn_Mg_C_HFD3_999 | C3: =-C39 -> -1 | D3: =D39 -> 3.1941 | E3: =E39 -> 4.9122 | F3: =-F39 -> -0.55264706 | G3: =-G39 -> -0.48761936 | H3: =H39 -> 0.50187 | J3: =J39 -> -61.9999 | K3: =K39 -> -58.4427 | L3: =L39 -> -18.8504 | M3: =M39 -> -77.2931 | O3: =O39 -> 0.1516 | P3: =P39 -> -0.0879 | Q3: =Q39 -> 0.0844 | R3: =R39 -> -0.0035 | T3: =T39 -> 12.767 | U3: =U39 -> 0 | W3: =W39 -> 0 | X3: =X39 -> 0.1516 | Y3: =R3+X3 -> 0.1481 | Z3: =Z39 -> 0 | AA3: =AA39 -> 0.0879 | AB3: =AA3+R3 -> 0.0844 | AD3: =AD39 -> 0 | AE3: =AE39 -> 0 | AF3: =AF39 -> 0.0879 | AH3: =AH39 -> 0 | AI3: =AI39 -> 0
B4: =B38 -> Zn_Mg_C_HFD3_969 | C4: =-C38 -> -0.96874407 | D4: =D38 -> 3.2017 | E4: =E38 -> 4.8829 | F4: =-F38 -> -0.53318827 | G4: =-G38 -> -0.46957873 | H4: =H38 -> 0.502018 | J4: =J38 -> -61.9995 | K4: =K38 -> 0 | L4: =L38 -> 0 | M4: =M38 -> 0 | O4: =O38 -> 0.152 | P4: =P38 -> 58.3548 | Q4: =Q38 -> 18.9348 | R4: =R38 -> 77.2896 | T4: =T38 -> 12.777 | U4: =U38 -> 0 | W4: =W38 -> 0 | X4: =X38 -> 0.152 | Y4: =R4+X4 -> 77.4416 | Z4: =Z38 -> 0 | AA4: =AA38 -> -58.3548 | AB4: =AA4+R4 -> 18.9348 | AD4: =AD38 -> 0 | AE4: =AE38 -> 0 | AF4: =AF38 -> -58.3548
B5: =B37 -> Zn_Mg_C_HFD3_938 | C5: =-C37 -> -0.93749718 | D5: =D37 -> 3.2094 | E5: =E37 -> 4.853 | F5: =-F37 -> -0.51334549 | G5: =-G37 -> -0.45158621 | H5: =H37 -> 0.502059 | J5: =J37 -> -61.9985 | K5: =K37 -> 0 | L5: =L37 -> 0 | M5: =M37 -> 0 | O5: =O37 -> 0.153 | P5: =P37 -> 58.3548 | Q5: =Q37 -> 18.9348 | R5: =R37 -> 77.2896 | T5: =T37 -> 12.787 | U5: =U37 -> 0 | W5: =W37 -> 0 | X5: =X37 -> 0.153 | Y5: =R5+X5 -> 77.4426 | Z5: =Z37 -> 0 | AA5: =AA37 -> -58.3548 | AB5: =AA5+R5 -> 18.9348 | AD5: =AD37 -> 0 | AE5: =AE37 -> 0 | AF5: =AF37 -> -58.3548
B6: =B36 -> Zn_Mg_C_HFD3_875 | C6: =-C36 -> -0.87499435 | D6: =D36 -> 3.2251 | E6: =E36 -> 4.7901 | F6: =-F36 -> -0.47265354 | G6: =-G36 -> -0.41462148 | H6: =H36 -> 0.501868 | J6: =J36 -> -61.9956 | K6: =K36 -> 0 | L6: =L36 -> 0 | M6: =M36 -> 0 | O6: =O36 -> 0.1559 | P6: =P36 -> 58.3548 | Q6: =Q36 -> 18.9348 | R6: =R36 -> 77.2896 | T6: =T36 -> 12.812 | U6: =U36 -> 0 | W6: =W36 -> 0 | X6: =X36 -> 0.1559 | Y6: =R6+X6 -> 77.4455 | Z6: =Z36 -> 0 | AA6: =AA36 -> -58.3548 | AB6: =AA6+R6 -> 18.9348 | AD6: =AD36 -> 0 | AE6: =AE36 -> 0 | AF6: =AF36 -> -58.3548
B7: =B35 -> Zn_Mg_C_HFD3_813 | C7: =-C35 -> -0.81250056 | D7: =D35 -> 3.2413 | E7: =E35 -> 4.7225 | F7: =-F35 -> -0.42999779 | G7: =-G35 -> -0.37634075 | H7: =H35 -> 0.501162 | J7: =J35 -> -61.9932 | K7: =K35 -> 0 | L7: =L35 -> 0 | M7: =M35 -> 0 | O7: =O35 -> 0.1583 | P7: =P35 -> 58.3548 | Q7: =Q35 -> 18.9348 | R7: =R35 -> 77.2896 | T7: =T35 -> 12.845 | U7: =U35 -> 0 | W7: =W35 -> 0 | X7: =X35 -> 0.1583 | Y7: =R7+X7 -> 77.4479 | Z7: =Z35 -> 0 | AA7: =AA35 -> -58.3548 | AB7: =AA7+R7 -> 18.9348 | AD7: =AD35 -> 0 | AE7: =AE35 -> 0 | AF7: =AF35 -> -58.3548
B8: =B34 -> Zn_Mg_C_HFD3_750 | C8: =-C34 -> -0.74999774 | D8: =D34 -> 3.2581 | E8: =E34 -> 4.6496 | F8: =-F34 -> -0.38503803 | G8: =-G34 -> -0.33636136 | H8: =H34 -> 0.499835 | J8: =J34 -> -61.9929 | K8: =K34 -> 0 | L8: =L34 -> 0 | M8: =M34 -> 0 | O8: =O34 -> 0.1586 | P8: =P34 -> 58.3548 | Q8: =Q34 -> 18.9348 | R8: =R34 -> 77.2896 | T8: =T34 -> 12.885 | U8: =U34 -> 0 | W8: =W34 -> 0 | X8: =X34 -> 0.1586 | Y8: =R8+X8 -> 77.4482 | Z8: =Z34 -> 0 | AA8: =AA34 -> -58.3548 | AB8: =AA8+R8 -> 18.9348 | AD8: =AD34 -> 0 | AE8: =AE34 -> 0 | AF8: =AF34 -> -58.3548
B9: =B33 -> Zn_Mg_C_HFD3_688 | C9: =-C33 -> -0.68749492 | D9: =D33 -> 3.2755 | E9: =E33 -> 4.573 | F9: =-F33 -> -0.33809561 | G9: =-G33 -> -0.29544324 | H9: =H33 -> 0.497872 | J9: =J33 -> -61.9966 | K9: =K33 -> 0 | L9: =L33 -> 0 | M9: =M33 -> 0 | O9: =O33 -> 0.1549 | P9: =P33 -> 58.3548 | Q9: =Q33 -> 18.9348 | R9: =R33 -> 77.2896 | T9: =T33 -> 12.857 | U9: =U33 -> 0 | W9: =W33 -> 0 | X9: =X33 -> 0.1549 | Y9: =R9+X9 -> 77.4445 | Z9: =Z33 -> 0 | AA9: =AA33 -> -58.3548 | AB9: =AA9+R9 -> 18.9348 | AD9: =AD33 -> 0 | AE9: =AE33 -> 0 | AF9: =AF33 -> -58.3548
A10: B' | B10: =B32 -> Zn_Mg_C_HFD3_625 | C10: =-C32 -> -0.62500113 | D10: =D32 -> 3.2927 | E10: =E32 -> 4.4964 | F10: =-F32 -> -0.29073722 | G10: =-G32 -> -0.25487394 | H10: =H32 -> 0.495513 | J10: =J32 -> -62.0054 | K10: =K32 -> 0 | L10: =L32 -> 0 | M10: =M32 -> 0 | O10: =O32 -> 0.1461 | P10: =P32 -> 58.3548 | Q10: =Q32 -> 18.9348 | R10: =R32 -> 77.2896 | T10: =T32 -> 12.706 | U10: =U32 -> 0 | W10: =W32 -> 0 | X10: =X32 -> 0.1461 | Y10: =R10+X10 -> 77.4357 | Z10: =Z32 -> 0 | AA10: =AA32 -> -58.3548 | AB10: =AA10+R10 -> 18.9348 | AD10: =AD32 -> 0 | AE10: =AE32 -> 0 | AF10: =AF32 -> -58.3548
B11: =B31 -> Zn_Mg_C_HFD3_563 | C11: =-C31 -> -0.56249831 | D11: =D31 -> 3.3091 | E11: =E31 -> 4.4253 | F11: =-F31 -> -0.24521472 | G11: =-G31 -> -0.21663171 | H11: =H31 -> 0.49318 | J11: =J31 -> -62.0195 | K11: =K31 -> 0 | L11: =L31 -> 0 | M11: =M31 -> 0 | O11: =O31 -> 0.132 | P11: =P31 -> 58.3548 | Q11: =Q31 -> 18.9348 | R11: =R31 -> 77.2896 | T11: =T31 -> 12.57 | U11: =U31 -> 0 | W11: =W31 -> 0 | X11: =X31 -> 0.132 | Y11: =R11+X11 -> 77.4216 | Z11: =Z31 -> 0 | AA11: =AA31 -> -58.3548 | AB11: =AA11+R11 -> 18.9348 | AD11: =AD31 -> 0 | AE11: =AE31 -> 0 | AF11: =AF31 -> -58.3548
B12: =B30 -> Zn_Mg_C_HFD3_500 | C12: =-C30 -> -0.49999548 | D12: =D30 -> 3.3234 | E12: =E30 -> 4.364 | F12: =-F30 -> -0.20416974 | G12: =-G30 -> -0.18210536 | H12: =H30 -> 0.491468 | J12: =J30 -> -62.0379 | K12: =K30 -> -58.3033 | L12: =L30 -> -18.9061 | M12: =M30 -> -77.2094 | O12: =O30 -> 0.1136 | P12: =P30 -> 0.0515 | Q12: =Q30 -> 0.0287 | R12: =R30 -> 0.0802 | T12: =T30 -> 12.459 | U12: =U30 -> 0 | W12: =W30 -> 0 | X12: =X30 -> 0.1136 | Y12: =R12+X12 -> 0.1938 | Z12: =Z30 -> 0 | AA12: =AA30 -> -0.0515 | AB12: =AA12+R12 -> 0.0287 | AD12: =AD30 -> 0 | AE12: =AE30 -> 0 | AF12: =AF30 -> -0.0515
B13: =B29 -> Zn_Mg_C_HFD3_438 | C13: =-C29 -> -0.43750169 | D13: =D29 -> 3.3353 | E13: =E29 -> 4.3143 | F13: =-F29 -> -0.16867619 | G13: =-G29 -> -0.15202299 | H13: =H29 -> 0.490694 | J13: =J29 -> -62.0586 | K13: =K29 -> 0 | L13: =L29 -> 0 | M13: =M29 -> 0 | O13: =O29 -> 0.0929 | P13: =P29 -> 58.3548 | Q13: =Q29 -> 18.9348 | R13: =R29 -> 77.2896 | T13: =T29 -> 12.375 | U13: =U29 -> 0 | W13: =W29 -> 0 | X13: =X29 -> 0.0929 | Y13: =R13+X13 -> 77.3825 | Z13: =Z29 -> 0 | AA13: =AA29 -> -58.3548 | AB13: =AA13+R13 -> 18.9348 | AD13: =AD29 -> 0 | AE13: =AE29 -> 0 | AF13: =AF29 -> -58.3548
B14: =B28 -> Zn_Mg_C_HFD3_375 | C14: =-C28 -> -0.37499887 | D14: =D28 -> 3.345 | E14: =E28 -> 4.274 | F14: =-F28 -> -0.13775957 | G14: =-G28 -> -0.12531368 | H14: =H28 -> 0.490744 | J14: =J28 -> -62.0797 | K14: =K28 -> 0 | L14: =L28 -> 0 | M14: =M28 -> 0 | O14: =O28 -> 0.0718 | P14: =P28 -> 58.3548 | Q14: =Q28 -> 18.9348 | R14: =R28 -> 77.2896 | T14: =T28 -> 12.312 | U14: =U28 -> 0 | W14: =W28 -> 0 | X14: =X28 -> 0.0718 | Y14: =R14+X14 -> 77.3614 | Z14: =Z28 -> 0 | AA14: =AA28 -> -58.3548 | AB14: =AA14+R14 -> 18.9348 | AD14: =AD28 -> 0 | AE14: =AE28 -> 0 | AF14: =AF28 -> -58.3548
B15: =B27 -> Zn_Mg_C_HFD3_313 | C15: =-C27 -> -0.31249605 | D15: =D27 -> 3.3529 | E15: =E27 -> 4.2421 | F15: =-F27 -> -0.11019279 | G15: =-G27 -> -0.10125044 | H15: =H27 -> 0.491403 | J15: =J27 -> -62.0997 | K15: =K27 -> 0 | L15: =L27 -> 0 | M15: =M27 -> 0 | O15: =O27 -> 0.0518 | P15: =P27 -> 58.3548 | Q15: =Q27 -> 18.9348 | R15: =R27 -> 77.2896 | T15: =T27 -> 12.265 | U15: =U27 -> 0 | W15: =W27 -> 0 | X15: =X27 -> 0.0518 | Y15: =R15+X15 -> 77.3414 | Z15: =Z27 -> 0 | AA15: =AA27 -> -58.3548 | AB15: =AA15+R15 -> 18.9348 | AD15: =AD27 -> 0 | AE15: =AE27 -> 0 | AF15: =AF27 -> -58.3548
B16: =B26 -> Zn_Mg_C_HFD3_250 | C16: =-C26 -> -0.25000226 | D16: =D26 -> 3.359 | E16: =E26 -> 4.2173 | F16: =-F26 -> -0.085682884 | G16: =-G26 -> -0.079091244 | H16: =H26 -> 0.492658 | J16: =J26 -> -62.1174 | K16: =K26 -> 0 | L16: =L26 -> 0 | M16: =M26 -> 0 | O16: =O26 -> 0.0341 | P16: =P26 -> 58.3548 | Q16: =Q26 -> 18.9348 | R16: =R26 -> 77.2896 | T16: =T26 -> 12.229 | U16: =U26 -> 0 | W16: =W26 -> 0 | X16: =X26 -> 0.0341 | Y16: =R16+X16 -> 77.3237 | Z16: =Z26 -> 0 | AA16: =AA26 -> -58.3548 | AB16: =AA16+R16 -> 18.9348 | AD16: =AD26 -> 0 | AE16: =AE26 -> 0 | AF16: =AF26 -> -58.3548
B17: =B25 -> Zn_Mg_C_HFD3_188 | C17: =-C25 -> -0.18749944 | D17: =D25 -> 3.3636 | E17: =E25 -> 4.1986 | F17: =-F25 -> -0.062865638 | G17: =-G25 -> -0.05820939 | H17: =H25 -> 0.494229 | J17: =J25 -> -62.1319 | K17: =K25 -> 0 | L17: =L25 -> 0 | M17: =M25 -> 0 | O17: =O25 -> 0.0196 | P17: =P25 -> 58.3548 | Q17: =Q25 -> 18.9348 | R17: =R25 -> 77.2896 | T17: =T25 -> 12.204 | U17: =U25 -> 0 | W17: =W25 -> 0 | X17: =X25 -> 0.0196 | Y17: =R17+X17 -> 77.3092 | Z17: =Z25 -> 0 | AA17: =AA25 -> -58.3548 | AB17: =AA17+R17 -> 18.9348 | AD17: =AD25 -> 0 | AE17: =AE25 -> 0 | AF17: =AF25 -> -58.3548
B18: =B24 -> Zn_Mg_C_HFD3_125 | C18: =-C24 -> -0.12499661 | D18: =D24 -> 3.3669 | E18: =E24 -> 4.1855 | F18: =-F24 -> -0.041218804 | G18: =-G24 -> -0.038427075 | H18: =H24 -> 0.496019 | J18: =J24 -> -62.1427 | K18: =K24 -> 0 | L18: =L24 -> 0 | M18: =M24 -> 0 | O18: =O24 -> 0.0088 | P18: =P24 -> 58.3548 | Q18: =Q24 -> 18.9348 | R18: =R24 -> 77.2896 | T18: =T24 -> 12.187 | U18: =U24 -> 0 | W18: =W24 -> 0 | X18: =X24 -> 0.0088 | Y18: =R18+X18 -> 77.2984 | Z18: =Z24 -> 0 | AA18: =AA24 -> -58.3548 | AB18: =AA18+R18 -> 18.9348 | AD18: =AD24 -> 0 | AE18: =AE24 -> 0 | AF18: =AF24 -> -58.3548
B19: =B23 -> Zn_Mg_C_HFD3_063 | C19: =-C23 -> -0.062502825 | D19: =D23 -> 3.3687 | E19: =E23 -> 4.1781 | F19: =-F23 -> -0.020531183 | G19: =-G23 -> -0.01913152 | H19: =H23 -> 0.497999 | J19: =J23 -> -62.1493 | K19: =K23 -> 0 | L19: =L23 -> 0 | M19: =M23 -> 0 | O19: =O23 -> 0.0022 | P19: =P23 -> 58.3548 | Q19: =Q23 -> 18.9348 | R19: =R23 -> 77.2896 | T19: =T23 -> 12.177 | U19: =U23 -> 0 | W19: =W23 -> 0 | X19: =X23 -> 0.0022 | Y19: =R19+X19 -> 77.2918 | Z19: =Z23 -> 0 | AA19: =AA23 -> -58.3548 | AB19: =AA19+R19 -> 18.9348 | AD19: =AD23 -> 0 | AE19: =AE23 -> 0 | AF19: =AF23 -> -58.3548
B20: =B22 -> Zn_Mg_C_HFD3_031 | C20: =-C22 -> -0.031246893 | D20: =D22 -> 3.3692 | E20: =E22 -> 4.176 | F20: =-F22 -> -0.010227024 | G20: =-G22 -> -0.009529632 | H20: =H22 -> 0.498992 | J20: =J22 -> -62.1509 | K20: =K22 -> 0 | L20: =L22 -> 0 | M20: =M22 -> 0 | O20: =O22 -> 0.0006 | P20: =P22 -> 58.3548 | Q20: =Q22 -> 18.9348 | R20: =R22 -> 77.2896 | T20: =T22 -> 12.175 | U20: =U22 -> 0 | W20: =W22 -> 0 | X20: =X22 -> 0.0006 | Y20: =R20+X20 -> 77.2902 | Z20: =Z22 -> 0 | AA20: =AA22 -> -58.3548 | AB20: =AA20+R20 -> 18.9348 | AD20: =AD22 -> 0 | AE20: =AE22 -> 0 | AF20: =AF22 -> -58.3548
A21: C | B21: =Mg_HFD3!B45 -> Zn_Mg_C_HFD3_000 | C21: =(0.5-AV45)/(0.5-AV$63) -> 0 | D21: =J45 -> 3.3695 | E21: =L45 -> 4.1753 | F21: =E21*ABS(AS45-AV45) -> 0 | G21: =E21*(ABS(MOD(AT45-AU45+2.5,1)-0.5)) -> 0 | H21: =MOD(AS45-AT45,1) -> 0.5 | J21: =R45 -> -62.1515 | K21: =R69 -> -58.3548 | L21: =AW69 -> -18.9348 | M21: =K21+L21 -> -77.2896 | O21: =J21-J$21 -> 0 | P21: =K21-K$21 -> 0 | Q21: =L21-L$21 -> 0 | R21: =M21-M$21 -> 0 | T21: =Z47 -> 12.177 | U21: =V115 -> 0 | W21: =R92-R$92 -> 0 | X21: =O21-W21 -> 0 | Y21: =R21+X21 -> 0 | Z21: =R161-R$161 -> 0 | AA21: =Z21-P21 -> 0 | AB21: =AA21+R21 -> 0 | AD21: =R115+AW115 -> 0 | AE21: =AD21-AD$21 -> 0 | AF21: =AE21+AA21 -> 0 | AH21: =R138+AW138 -> 0 | AI21: =AH21-AH$21 -> 0
B22: =Mg_HFD3!B46 -> Zn_Mg_C_HFD3_031 | C22: =(0.5-AV46)/(0.5-AV$63) -> 0.031246893 | D22: =Mg_HFD3!J46 -> 3.3692 | E22: =L46 -> 4.176 | F22: =E22*ABS(AS46-AV46) -> 0.010227024 | G22: =E22*(ABS(MOD(AT46-AU46+2.5,1)-0.5)) -> 0.009529632 | H22: =MOD(AS46-AT46,1) -> 0.498992 | J22: =R46 -> -62.1509 | K22: =R70 -> 0 | L22: =AW70 -> 0 | M22: =K22+L22 -> 0 | O22: =J22-J$21 -> 0.0006 | P22: =K22-K$21 -> 58.3548 | Q22: =L22-L$21 -> 18.9348 | R22: =M22-M$21 -> 77.2896 | T22: =Z46 -> 12.175 | U22: =V116 -> 0 | W22: =R93-R$92 -> 0 | X22: =O22-W22 -> 0.0006 | Y22: =R22+X22 -> 77.2902 | Z22: =R162-R$161 -> 0 | AA22: =Z22-P22 -> -58.3548 | AB22: =AA22+R22 -> 18.9348 | AD22: =R116+AW116 -> 0 | AE22: =AD22-AD$21 -> 0 | AF22: =AE22+AA22 -> -58.3548
B23: =Mg_HFD3!B47 -> Zn_Mg_C_HFD3_063 | C23: =(0.5-AV47)/(0.5-AV$63) -> 0.062502825 | D23: =Mg_HFD3!J47 -> 3.3687 | E23: =L47 -> 4.1781 | F23: =E23*ABS(AS47-AV47) -> 0.020531183 | G23: =E23*(ABS(MOD(AT47-AU47+2.5,1)-0.5)) -> 0.01913152 | H23: =MOD(AS47-AT47,1) -> 0.497999 | J23: =R47 -> -62.1493 | K23: =R71 -> 0 | L23: =AW71 -> 0 | M23: =K23+L23 -> 0 | O23: =J23-J$21 -> 0.0022 | P23: =K23-K$21 -> 58.3548 | Q23: =L23-L$21 -> 18.9348 | R23: =M23-M$21 -> 77.2896 | T23: =Z47 -> 12.177 | U23: =V117 -> 0 | W23: =R94-R$92 -> 0 | X23: =O23-W23 -> 0.0022 | Y23: =R23+X23 -> 77.2918 | Z23: =R163-R$161 -> 0 | AA23: =Z23-P23 -> -58.3548 | AB23: =AA23+R23 -> 18.9348 | AD23: =R117+AW117 -> 0 | AE23: =AD23-AD$21 -> 0 | AF23: =AE23+AA23 -> -58.3548
B24: =Mg_HFD3!B48 -> Zn_Mg_C_HFD3_125 | C24: =(0.5-AV48)/(0.5-AV$63) -> 0.12499661 | D24: =Mg_HFD3!J48 -> 3.3669 | E24: =L48 -> 4.1855 | F24: =E24*ABS(AS48-AV48) -> 0.041218804 | G24: =E24*(ABS(MOD(AT48-AU48+2.5,1)-0.5)) -> 0.038427075 | H24: =MOD(AS48-AT48,1) -> 0.496019 | J24: =R48 -> -62.1427 | K24: =R72 -> 0 | L24: =AW72 -> 0 | M24: =K24+L24 -> 0 | O24: =J24-J$21 -> 0.0088 | P24: =K24-K$21 -> 58.3548 | Q24: =L24-L$21 -> 18.9348 | R24: =M24-M$21 -> 77.2896 | T24: =Z48 -> 12.187 | U24: =V118 -> 0 | W24: =R95-R$92 -> 0 | X24: =O24-W24 -> 0.0088 | Y24: =R24+X24 -> 77.2984 | Z24: =R164-R$161 -> 0 | AA24: =Z24-P24 -> -58.3548 | AB24: =AA24+R24 -> 18.9348 | AD24: =R118+AW118 -> 0 | AE24: =AD24-AD$21 -> 0 | AF24: =AE24+AA24 -> -58.3548
B25: =Mg_HFD3!B49 -> Zn_Mg_C_HFD3_188 | C25: =(0.5-AV49)/(0.5-AV$63) -> 0.18749944 | D25: =Mg_HFD3!J49 -> 3.3636 | E25: =L49 -> 4.1986 | F25: =E25*ABS(AS49-AV49) -> 0.062865638 | G25: =E25*(ABS(MOD(AT49-AU49+2.5,1)-0.5)) -> 0.05820939 | H25: =MOD(AS49-AT49,1) -> 0.494229 | J25: =R49 -> -62.1319 | K25: =R73 -> 0 | L25: =AW73 -> 0 | M25: =K25+L25 -> 0 | O25: =J25-J$21 -> 0.0196 | P25: =K25-K$21 -> 58.3548 | Q25: =L25-L$21 -> 18.9348 | R25: =M25-M$21 -> 77.2896 | T25: =Z49 -> 12.204 | U25: =V119 -> 0 | W25: =R96-R$92 -> 0 | X25: =O25-W25 -> 0.0196 | Y25: =R25+X25 -> 77.3092 | Z25: =R165-R$161 -> 0 | AA25: =Z25-P25 -> -58.3548 | AB25: =AA25+R25 -> 18.9348 | AD25: =R119+AW119 -> 0 | AE25: =AD25-AD$21 -> 0 | AF25: =AE25+AA25 -> -58.3548
B26: =Mg_HFD3!B50 -> Zn_Mg_C_HFD3_250 | C26: =(0.5-AV50)/(0.5-AV$63) -> 0.25000226 | D26: =Mg_HFD3!J50 -> 3.359 | E26: =L50 -> 4.2173 | F26: =E26*ABS(AS50-AV50) -> 0.085682884 | G26: =E26*(ABS(MOD(AT50-AU50+2.5,1)-0.5)) -> 0.079091244 | H26: =MOD(AS50-AT50,1) -> 0.492658 | J26: =R50 -> -62.1174 | K26: =R74 -> 0 | L26: =AW74 -> 0 | M26: =K26+L26 -> 0 | O26: =J26-J$21 -> 0.0341 | P26: =K26-K$21 -> 58.3548 | Q26: =L26-L$21 -> 18.9348 | R26: =M26-M$21 -> 77.2896 | T26: =Z50 -> 12.229 | U26: =V120 -> 0 | W26: =R97-R$92 -> 0 | X26: =O26-W26 -> 0.0341 | Y26: =R26+X26 -> 77.3237 | Z26: =R166-R$161 -> 0 | AA26: =Z26-P26 -> -58.3548 | AB26: =AA26+R26 -> 18.9348 | AD26: =R120+AW120 -> 0 | AE26: =AD26-AD$21 -> 0 | AF26: =AE26+AA26 -> -58.3548
B27: =Mg_HFD3!B51 -> Zn_Mg_C_HFD3_313 | C27: =(0.5-AV51)/(0.5-AV$63) -> 0.31249605 | D27: =Mg_HFD3!J51 -> 3.3529 | E27: =L51 -> 4.2421 | F27: =E27*ABS(AS51-AV51) -> 0.11019279 | G27: =E27*(ABS(MOD(AT51-AU51+2.5,1)-0.5)) -> 0.10125044 | H27: =MOD(AS51-AT51,1) -> 0.491403 | J27: =R51 -> -62.0997 | K27: =R75 -> 0 | L27: =AW75 -> 0 | M27: =K27+L27 -> 0 | O27: =J27-J$21 -> 0.0518 | P27: =K27-K$21 -> 58.3548 | Q27: =L27-L$21 -> 18.9348 | R27: =M27-M$21 -> 77.2896 | T27: =Z51 -> 12.265 | U27: =V121 -> 0 | W27: =R98-R$92 -> 0 | X27: =O27-W27 -> 0.0518 | Y27: =R27+X27 -> 77.3414 | Z27: =R167-R$161 -> 0 | AA27: =Z27-P27 -> -58.3548 | AB27: =AA27+R27 -> 18.9348 | AD27: =R121+AW121 -> 0 | AE27: =AD27-AD$21 -> 0 | AF27: =AE27+AA27 -> -58.3548
B28: =Mg_HFD3!B52 -> Zn_Mg_C_HFD3_375 | C28: =(0.5-AV52)/(0.5-AV$63) -> 0.37499887 | D28: =Mg_HFD3!J52 -> 3.345 | E28: =L52 -> 4.274 | F28: =E28*ABS(AS52-AV52) -> 0.13775957 | G28: =E28*(ABS(MOD(AT52-AU52+2.5,1)-0.5)) -> 0.12531368 | H28: =MOD(AS52-AT52,1) -> 0.490744 | J28: =R52 -> -62.0797 | K28: =R76 -> 0 | L28: =AW76 -> 0 | M28: =K28+L28 -> 0 | O28: =J28-J$21 -> 0.0718 | P28: =K28-K$21 -> 58.3548 | Q28: =L28-L$21 -> 18.9348 | R28: =M28-M$21 -> 77.2896 | T28: =Z52 -> 12.312 | U28: =V122 -> 0 | W28: =R99-R$92 -> 0 | X28: =O28-W28 -> 0.0718 | Y28: =R28+X28 -> 77.3614 | Z28: =R168-R$161 -> 0 | AA28: =Z28-P28 -> -58.3548 | AB28: =AA28+R28 -> 18.9348 | AD28: =R122+AW122 -> 0 | AE28: =AD28-AD$21 -> 0 | AF28: =AE28+AA28 -> -58.3548
B29: =Mg_HFD3!B53 -> Zn_Mg_C_HFD3_438 | C29: =(0.5-AV53)/(0.5-AV$63) -> 0.43750169 | D29: =Mg_HFD3!J53 -> 3.3353 | E29: =L53 -> 4.3143 | F29: =E29*ABS(AS53-AV53) -> 0.16867619 | G29: =E29*(ABS(MOD(AT53-AU53+2.5,1)-0.5)) -> 0.15202299 | H29: =MOD(AS53-AT53,1) -> 0.490694 | J29: =R53 -> -62.0586 | K29: =R77 -> 0 | L29: =AW77 -> 0 | M29: =K29+L29 -> 0 | O29: =J29-J$21 -> 0.0929 | P29: =K29-K$21 -> 58.3548 | Q29: =L29-L$21 -> 18.9348 | R29: =M29-M$21 -> 77.2896 | T29: =Z53 -> 12.375 | U29: =V123 -> 0 | W29: =R100-R$92 -> 0 | X29: =O29-W29 -> 0.0929 | Y29: =R29+X29 -> 77.3825 | Z29: =R169-R$161 -> 0 | AA29: =Z29-P29 -> -58.3548 | AB29: =AA29+R29 -> 18.9348 | AD29: =R123+AW123 -> 0 | AE29: =AD29-AD$21 -> 0 | AF29: =AE29+AA29 -> -58.3548
B30: =Mg_HFD3!B54 -> Zn_Mg_C_HFD3_500 | C30: =(0.5-AV54)/(0.5-AV$63) -> 0.49999548 | D30: =Mg_HFD3!J54 -> 3.3234 | E30: =L54 -> 4.364 | F30: =E30*ABS(AS54-AV54) -> 0.20416974 | G30: =E30*(ABS(MOD(AT54-AU54+2.5,1)-0.5)) -> 0.18210536 | H30: =MOD(AS54-AT54,1) -> 0.491468 | J30: =R54 -> -62.0379 | K30: =R78 -> -58.3033 | L30: =AW78 -> -18.9061 | M30: =K30+L30 -> -77.2094 | O30: =J30-J$21 -> 0.1136 | P30: =K30-K$21 -> 0.0515 | Q30: =L30-L$21 -> 0.0287 | R30: =M30-M$21 -> 0.0802 | T30: =Z54 -> 12.459 | U30: =V124 -> 0 | W30: =R101-R$92 -> 0 | X30: =O30-W30 -> 0.1136 | Y30: =R30+X30 -> 0.1938 | Z30: =R170-R$161 -> 0 | AA30: =Z30-P30 -> -0.0515 | AB30: =AA30+R30 -> 0.0287 | AD30: =R124+AW124 -> 0 | AE30: =AD30-AD$21 -> 0 | AF30: =AE30+AA30 -> -0.0515
B31: =Mg_HFD3!B55 -> Zn_Mg_C_HFD3_563 | C31: =(0.5-AV55)/(0.5-AV$63) -> 0.56249831 | D31: =Mg_HFD3!J55 -> 3.3091 | E31: =L55 -> 4.4253 | F31: =E31*ABS(AS55-AV55) -> 0.24521472 | G31: =E31*(ABS(MOD(AT55-AU55+2.5,1)-0.5)) -> 0.21663171 | H31: =MOD(AS55-AT55,1) -> 0.49318 | J31: =R55 -> -62.0195 | K31: =R79 -> 0 | L31: =AW79 -> 0 | M31: =K31+L31 -> 0 | O31: =J31-J$21 -> 0.132 | P31: =K31-K$21 -> 58.3548 | Q31: =L31-L$21 -> 18.9348 | R31: =M31-M$21 -> 77.2896 | T31: =Z55 -> 12.57 | U31: =V125 -> 0 | W31: =R102-R$92 -> 0 | X31: =O31-W31 -> 0.132 | Y31: =R31+X31 -> 77.4216 | Z31: =R171-R$161 -> 0 | AA31: =Z31-P31 -> -58.3548 | AB31: =AA31+R31 -> 18.9348 | AD31: =R125+AW125 -> 0 | AE31: =AD31-AD$21 -> 0 | AF31: =AE31+AA31 -> -58.3548
A32: B | B32: =Mg_HFD3!B56 -> Zn_Mg_C_HFD3_625 | C32: =(0.5-AV56)/(0.5-AV$63) -> 0.62500113 | D32: =Mg_HFD3!J56 -> 3.2927 | E32: =L56 -> 4.4964 | F32: =E32*ABS(AS56-AV56) -> 0.29073722 | G32: =E32*(ABS(MOD(AT56-AU56+2.5,1)-0.5)) -> 0.25487394 | H32: =MOD(AS56-AT56,1) -> 0.495513 | J32: =R56 -> -62.0054 | K32: =R80 -> 0 | L32: =AW80 -> 0 | M32: =K32+L32 -> 0 | O32: =J32-J$21 -> 0.1461 | P32: =K32-K$21 -> 58.3548 | Q32: =L32-L$21 -> 18.9348 | R32: =M32-M$21 -> 77.2896 | T32: =Z56 -> 12.706 | U32: =V126 -> 0 | W32: =R103-R$92 -> 0 | X32: =O32-W32 -> 0.1461 | Y32: =R32+X32 -> 77.4357 | Z32: =R172-R$161 -> 0 | AA32: =Z32-P32 -> -58.3548 | AB32: =AA32+R32 -> 18.9348 | AD32: =R126+AW126 -> 0 | AE32: =AD32-AD$21 -> 0 | AF32: =AE32+AA32 -> -58.3548
B33: =Mg_HFD3!B57 -> Zn_Mg_C_HFD3_688 | C33: =(0.5-AV57)/(0.5-AV$63) -> 0.68749492 | D33: =Mg_HFD3!J57 -> 3.2755 | E33: =L57 -> 4.573 | F33: =E33*ABS(AS57-AV57) -> 0.33809561 | G33: =E33*(ABS(MOD(AT57-AU57+2.5,1)-0.5)) -> 0.29544324 | H33: =MOD(AS57-AT57,1) -> 0.497872 | J33: =R57 -> -61.9966 | K33: =R81 -> 0 | L33: =AW81 -> 0 | M33: =K33+L33 -> 0 | O33: =J33-J$21 -> 0.1549 | P33: =K33-K$21 -> 58.3548 | Q33: =L33-L$21 -> 18.9348 | R33: =M33-M$21 -> 77.2896 | T33: =Z57 -> 12.857 | U33: =V127 -> 0 | W33: =R104-R$92 -> 0 | X33: =O33-W33 -> 0.1549 | Y33: =R33+X33 -> 77.4445 | Z33: =R173-R$161 -> 0 | AA33: =Z33-P33 -> -58.3548 | AB33: =AA33+R33 -> 18.9348 | AD33: =R127+AW127 -> 0 | AE33: =AD33-AD$21 -> 0 | AF33: =AE33+AA33 -> -58.3548
B34: =Mg_HFD3!B58 -> Zn_Mg_C_HFD3_750 | C34: =(0.5-AV58)/(0.5-AV$63) -> 0.74999774 | D34: =Mg_HFD3!J58 -> 3.2581 | E34: =L58 -> 4.6496 | F34: =E34*ABS(AS58-AV58) -> 0.38503803 | G34: =E34*(ABS(MOD(AT58-AU58+2.5,1)-0.5)) -> 0.33636136 | H34: =MOD(AS58-AT58,1) -> 0.499835 | J34: =R58 -> -61.9929 | K34: =R82 -> 0 | L34: =AW82 -> 0 | M34: =K34+L34 -> 0 | O34: =J34-J$21 -> 0.1586 | P34: =K34-K$21 -> 58.3548 | Q34: =L34-L$21 -> 18.9348 | R34: =M34-M$21 -> 77.2896 | T34: =Z58 -> 12.885 | U34: =V128 -> 0 | W34: =R105-R$92 -> 0 | X34: =O34-W34 -> 0.1586 | Y34: =R34+X34 -> 77.4482 | Z34: =R174-R$161 -> 0 | AA34: =Z34-P34 -> -58.3548 | AB34: =AA34+R34 -> 18.9348 | AD34: =R128+AW128 -> 0 | AE34: =AD34-AD$21 -> 0 | AF34: =AE34+AA34 -> -58.3548
B35: =Mg_HFD3!B59 -> Zn_Mg_C_HFD3_813 | C35: =(0.5-AV59)/(0.5-AV$63) -> 0.81250056 | D35: =Mg_HFD3!J59 -> 3.2413 | E35: =L59 -> 4.7225 | F35: =E35*ABS(AS59-AV59) -> 0.42999779 | G35: =E35*(ABS(MOD(AT59-AU59+2.5,1)-0.5)) -> 0.37634075 | H35: =MOD(AS59-AT59,1) -> 0.501162 | J35: =R59 -> -61.9932 | K35: =R83 -> 0 | L35: =AW83 -> 0 | M35: =K35+L35 -> 0 | O35: =J35-J$21 -> 0.1583 | P35: =K35-K$21 -> 58.3548 | Q35: =L35-L$21 -> 18.9348 | R35: =M35-M$21 -> 77.2896 | T35: =Z59 -> 12.845 | U35: =V129 -> 0 | W35: =R106-R$92 -> 0 | X35: =O35-W35 -> 0.1583 | Y35: =R35+X35 -> 77.4479 | Z35: =R175-R$161 -> 0 | AA35: =Z35-P35 -> -58.3548 | AB35: =AA35+R35 -> 18.9348 | AD35: =R129+AW129 -> 0 | AE35: =AD35-AD$21 -> 0 | AF35: =AE35+AA35 -> -58.3548
B36: =Mg_HFD3!B60 -> Zn_Mg_C_HFD3_875 | C36: =(0.5-AV60)/(0.5-AV$63) -> 0.87499435 | D36: =Mg_HFD3!J60 -> 3.2251 | E36: =L60 -> 4.7901 | F36: =E36*ABS(AS60-AV60) -> 0.47265354 | G36: =E36*(ABS(MOD(AT60-AU60+2.5,1)-0.5)) -> 0.41462148 | H36: =MOD(AS60-AT60,1) -> 0.501868 | J36: =R60 -> -61.9956 | K36: =R84 -> 0 | L36: =AW84 -> 0 | M36: =K36+L36 -> 0 | O36: =J36-J$21 -> 0.1559 | P36: =K36-K$21 -> 58.3548 | Q36: =L36-L$21 -> 18.9348 | R36: =M36-M$21 -> 77.2896 | T36: =Z60 -> 12.812 | U36: =V130 -> 0 | W36: =R107-R$92 -> 0 | X36: =O36-W36 -> 0.1559 | Y36: =R36+X36 -> 77.4455 | Z36: =R176-R$161 -> 0 | AA36: =Z36-P36 -> -58.3548 | AB36: =AA36+R36 -> 18.9348 | AD36: =R130+AW130 -> 0 | AE36: =AD36-AD$21 -> 0 | AF36: =AE36+AA36 -> -58.3548
B37: =Mg_HFD3!B61 -> Zn_Mg_C_HFD3_938 | C37: =(0.5-AV61)/(0.5-AV$63) -> 0.93749718 | D37: =Mg_HFD3!J61 -> 3.2094 | E37: =L61 -> 4.853 | F37: =E37*ABS(AS61-AV61) -> 0.51334549 | G37: =E37*(ABS(MOD(AT61-AU61+2.5,1)-0.5)) -> 0.45158621 | H37: =MOD(AS61-AT61,1) -> 0.502059 | J37: =R61 -> -61.9985 | K37: =R85 -> 0 | L37: =AW85 -> 0 | M37: =K37+L37 -> 0 | O37: =J37-J$21 -> 0.153 | P37: =K37-K$21 -> 58.3548 | Q37: =L37-L$21 -> 18.9348 | R37: =M37-M$21 -> 77.2896 | T37: =Z61 -> 12.787 | U37: =V131 -> 0 | W37: =R108-R$92 -> 0 | X37: =O37-W37 -> 0.153 | Y37: =R37+X37 -> 77.4426 | Z37: =R177-R$161 -> 0 | AA37: =Z37-P37 -> -58.3548 | AB37: =AA37+R37 -> 18.9348 | AD37: =R131+AW131 -> 0 | AE37: =AD37-AD$21 -> 0 | AF37: =AE37+AA37 -> -58.3548
B38: =Mg_HFD3!B62 -> Zn_Mg_C_HFD3_969 | C38: =(0.5-AV62)/(0.5-AV$63) -> 0.96874407 | D38: =Mg_HFD3!J62 -> 3.2017 | E38: =L62 -> 4.8829 | F38: =E38*ABS(AS62-AV62) -> 0.53318827 | G38: =E38*(ABS(MOD(AT62-AU62+2.5,1)-0.5)) -> 0.46957873 | H38: =MOD(AS62-AT62,1) -> 0.502018 | J38: =R62 -> -61.9995 | K38: =R86 -> 0 | L38: =AW86 -> 0 | M38: =K38+L38 -> 0 | O38: =J38-J$21 -> 0.152 | P38: =K38-K$21 -> 58.3548 | Q38: =L38-L$21 -> 18.9348 | R38: =M38-M$21 -> 77.2896 | T38: =Z62 -> 12.777 | U38: =V132 -> 0 | W38: =R109-R$92 -> 0 | X38: =O38-W38 -> 0.152 | Y38: =R38+X38 -> 77.4416 | Z38: =R178-R$161 -> 0 | AA38: =Z38-P38 -> -58.3548 | AB38: =AA38+R38 -> 18.9348 | AD38: =R132+AW132 -> 0 | AE38: =AD38-AD$21 -> 0 | AF38: =AE38+AA38 -> -58.3548
A39: A | B39: =Mg_HFD3!B63 -> Zn_Mg_C_HFD3_999 | C39: =(0.5-AV63)/(0.5-AV$63) -> 1 | D39: =Mg_HFD3!J63 -> 3.1941 | E39: =L63 -> 4.9122 | F39: =E39*ABS(AS63-AV63) -> 0.55264706 | G39: =E39*(ABS(MOD(AT63-AU63+2.5,1)-0.5)) -> 0.48761936 | H39: =MOD(AS63-AT63,1) -> 0.50187 | J39: =R63 -> -61.9999 | K39: =R87 -> -58.4427 | L39: =AW87 -> -18.8504 | M39: =K39+L39 -> -77.2931 | O39: =J39-J$21 -> 0.1516 | P39: =K39-K$21 -> -0.0879 | Q39: =L39-L$21 -> 0.0844 | R39: =M39-M$21 -> -0.0035 | T39: =Z63 -> 12.767 | U39: =V133 -> 0 | W39: =R110-R$92 -> 0 | X39: =O39-W39 -> 0.1516 | Y39: =R39+X39 -> 0.1481 | Z39: =R179-R$161 -> 0 | AA39: =Z39-P39 -> 0.0879 | AB39: =AA39+R39 -> 0.0844 | AD39: =R133+AW133 -> 0 | AE39: =AD39-AD$21 -> 0 | AF39: =AE39+AA39 -> 0.0879 | AH39: =R156+AW156 -> 0 | AI39: =AH39-AH$21 -> 0
A40: V | B40: =Mg_HFD3!B64 -> Zn_Mg_C_HFD3_ver | C40: =(0.5-AV64)/(0.5-AV$63) -> 0 | D40: =Mg_HFD3!J64 -> 3.1941 | E40: =L64 -> 4.9122 | F40: =E40*ABS(AS64-AV64) -> 0 | G40: =E40*(ABS(MOD(AT64-AU64+2.5,1)-0.5)) -> 0 | H40: =MOD(AS64-AT64,1) -> 0.5 | J40: =R64 -> -61.3976 | K40: =R88 -> 0 | L40: =AW88 -> 0 | M40: =K40+L40 -> 0 | O40: =J40-J$21 -> 0.7539 | P40: =K40-K$21 -> 58.3548 | Q40: =L40-L$21 -> 18.9348 | R40: =M40-M$21 -> 77.2896 | T40: =Z64 -> 12.658 | U40: =V134 -> 0 | W40: =R111-R$92 -> 0 | X40: =O40-W40 -> 0.7539 | Y40: =R40+X40 -> 78.0435 | Z40: =R180-R$161 -> 0 | AA40: =Z40-P40 -> -58.3548 | AB40: =AA40+R40 -> 18.9348 | AD40: =R134+AW134 -> 0 | AE40: =AD40-AD$21 -> 0 | AF40: =AE40+AA40 -> -58.3548
A41: DFT calcs ENCUT=520 KPOINTS=6x6x4
B42: material | C42: atoms | D42: ENCUT | E42: KSPACING | F42: KPOINTS | I42: R_WS | J42: axis vector lengths | M42: volume | N42: NELECT | O42: NBANDS | P42: SCF steps | Q42: Geo opt steps | R42: Energy | S42: spin up bandgap | W42: spin down bandgap | AA42: max |Force| | AB42: max |drift| | AC42: Pressure | AD42: Pulay st. | AE42: DFT alpha HOMO k | AH42: DFT alpha LUMO k | AK42: DFT beta HOMO k | AN42: DFT beta LUMO k | AQ42: cpu time | AR42: memory | AS42: c_z fractional coords
F43: a | G43: b | H43: c | J43: a | K43: b | L43: c | S43: type | T43: HOMO | U43: LUMO | V43: GAP | W43: type | X43: HOMO | Y43: LUMO | Z43: GAP | AA43: eV/Ang | AB43: eV/Ang | AC43: kbar | AD43: kbar | AE43: a | AF43: b | AG43: c | AH43: a | AI43: b | AJ43: c | AK43: a | AL43: b | AM43: c | AN43: a | AO43: b | AP43: c | AQ43: (h) | AR43: (GB) | AS43: Zn | AT43: Mg | AU43: O | AV43: O
B44: 2 | C44: 3 | D44: 4 | E44: 5 | F44: 6 | G44: 7 | H44: 8 | I44: 9 | J44: 10 | K44: 11 | L44: 12 | M44: 13 | N44: 14 | O44: 15 | P44: 16 | Q44: 17 | R44: 18 | S44: 19 | T44: 20 | U44: 21 | V44: 22 | W44: 23 | X44: 24 | Y44: 25 | Z44: 26 | AA44: 27 | AB44: 28 | AC44: 29 | AD44: 30 | AE44: 31 | AF44: 32 | AG44: 33 | AH44: 34 | AI44: 35 | AJ44: 36 | AK44: 37 | AL44: 38 | AM44: 39 | AN44: 40 | AO44: 41 | AP44: 42 | AQ44: 43 | AR44: 44 | AS44: 45 | AT44: 46 | AU44: 47 | AV44: 48
B45: Zn_Mg_C_HFD3_000 | C45: 4 | D45: 520 | E45: 0 | F45: 6 | G45: 6 | H45: 4 | I45: 20.7 | J45: 3.3695 | K45: 3.3695 | L45: 4.1753 | M45: 41.053 | N45: 26 | O45: 26 | P45: 37 | Q45: 1 | R45: -62.1515 | S45: I | T45: -1.647 | U45: 10.526 | V45: 12.173 | W45: I | X45: -1.647 | Y45: 10.526 | Z45: 12.173 | AA45: 0 | AB45: 0.0001 | AC45: ? | AD45: ? | AE45: 0.33333 | AF45: 0.33333 | AG45: 0.5 | AH45: 0 | AI45: 0 | AJ45: 0 | AK45: 0.33333 | AL45: 0.33333 | AM45: 0.5 | AN45: 0 | AO45: 0 | AP45: 0 | AQ45: 0.135 | AR45: 0.32 | AS45: 0.5 | AT45: 0 | AU45: 0 | AV45: 0.5
B46: Zn_Mg_C_HFD3_031 | C46: 4 | D46: 520 | E46: 0 | F46: 6 | G46: 6 | H46: 4 | I46: 20.7 | J46: 3.3692 | K46: 3.3692 | L46: 4.176 | M46: 41.053 | N46: 26 | O46: 26 | P46: 39 | Q46: 1 | R46: -62.1509 | S46: I | T46: -1.648 | U46: 10.526 | V46: 12.175 | W46: I | X46: -1.648 | Y46: 10.526 | Z46: 12.175 | AA46: 0.0773 | AB46: 0.0004 | AC46: ? | AD46: ? | AE46: 0.33333 | AF46: 0.33333 | AG46: 0.5 | AH46: 0 | AI46: 0 | AJ46: 0 | AK46: 0.33333 | AL46: 0.33333 | AM46: 0.5 | AN46: 0 | AO46: 0 | AP46: 0 | AQ46: 0.144 | AR46: 0.323 | AS46: 0.498992 | AT46: 0 | AU46: 0.997718 | AV46: 0.496543
B47: Zn_Mg_C_HFD3_063 | C47: 4 | D47: 520 | E47: 0 | F47: 6 | G47: 6 | H47: 4 | I47: 20.7 | J47: 3.3687 | K47: 3.3687 | L47: 4.1781 | M47: 41.062 | N47: 26 | O47: 26 | P47: 38 | Q47: 1 | R47: -62.1493 | S47: I | T47: -1.654 | U47: 10.523 | V47: 12.177 | W47: I | X47: -1.654 | Y47: 10.523 | Z47: 12.177 | AA47: 0.1535 | AB47: 0.0012 | AC47: ? | AD47: ? | AE47: 0.33333 | AF47: 0.33333 | AG47: 0.5 | AH47: 0 | AI47: 0 | AJ47: 0 | AK47: 0.33333 | AL47: 0.33333 | AM47: 0.5 | AN47: 0 | AO47: 0 | AP47: 0 | AQ47: 0.14 | AR47: 0.318 | AS47: 0.497999 | AT47: 0 | AU47: 0.995421 | AV47: 0.493085
B48: Zn_Mg_C_HFD3_125 | C48: 4 | D48: 520 | E48: 0 | F48: 6 | G48: 6 | H48: 4 | I48: 20.7 | J48: 3.3669 | K48: 3.3669 | L48: 4.1855 | M48: 41.09 | N48: 26 | O48: 26 | P48: 38 | Q48: 1 | R48: -62.1427 | S48: I | T48: -1.674 | U48: 10.513 | V48: 12.187 | W48: I | X48: -1.674 | Y48: 10.513 | Z48: 12.187 | AA48: 0.303 | AB48: 0.0011 | AC48: ? | AD48: ? | AE48: 0.33333 | AF48: 0.33333 | AG48: 0.5 | AH48: 0 | AI48: 0 | AJ48: 0 | AK48: 0.33333 | AL48: 0.33333 | AM48: 0.5 | AN48: 0 | AO48: 0 | AP48: 0 | AQ48: 0.138 | AR48: 0.318 | AS48: 0.496019 | AT48: 0 | AU48: 0.990819 | AV48: 0.486171
B49: Zn_Mg_C_HFD3_188 | C49: 4 | D49: 520 | E49: 0 | F49: 6 | G49: 6 | H49: 4 | I49: 20.7 | J49: 3.3636 | K49: 3.3636 | L49: 4.1986 | M49: 41.139 | N49: 26 | O49: 26 | P49: 38 | Q49: 1 | R49: -62.1319 | S49: I | T49: -1.708 | U49: 10.496 | V49: 12.204 | W49: I | X49: -1.708 | Y49: 10.496 | Z49: 12.204 | AA49: 0.4406 | AB49: 0.0006 | AC49: ? | AD49: ? | AE49: 0.33333 | AF49: 0.33333 | AG49: 0.5 | AH49: 0 | AI49: 0 | AJ49: 0 | AK49: 0.33333 | AL49: 0.33333 | AM49: 0.5 | AN49: 0 | AO49: 0 | AP49: 0 | AQ49: 0.139 | AR49: 0.312 | AS49: 0.494229 | AT49: 0 | AU49: 0.986136 | AV49: 0.479256
B50: Zn_Mg_C_HFD3_250 | C50: 4 | D50: 520 | E50: 0 | F50: 6 | G50: 6 | H50: 4 | I50: 20.7 | J50: 3.359 | K50: 3.359 | L50: 4.2173 | M50: 41.209 | N50: 26 | O50: 26 | P50: 38 | Q50: 1 | R50: -62.1174 | S50: I | T50: -1.758 | U50: 10.472 | V50: 12.229 | W50: I | X50: -1.758 | Y50: 10.472 | Z50: 12.229 | AA50: 0.5584 | AB50: 0.0005 | AC50: ? | AD50: ? | AE50: 0.33333 | AF50: 0.33333 | AG50: 0.5 | AH50: 0 | AI50: 0 | AJ50: 0 | AK50: 0.33333 | AL50: 0.33333 | AM50: 0.5 | AN50: 0 | AO50: 0 | AP50: 0 | AQ50: 0.14 | AR50: 0.321 | AS50: 0.492658 | AT50: 0 | AU50: 0.981246 | AV50: 0.472341
B51: Zn_Mg_C_HFD3_313 | C51: 4 | D51: 520 | E51: 0 | F51: 6 | G51: 6 | H51: 4 | I51: 20.7 | J51: 3.3529 | K51: 3.3529 | L51: 4.2421 | M51: 41.299 | N51: 26 | O51: 26 | P51: 35 | Q51: 1 | R51: -62.0997 | S51: I | T51: -1.824 | U51: 10.441 | V51: 12.265 | W51: I | X51: -1.824 | Y51: 10.441 | Z51: 12.265 | AA51: 0.6514 | AB51: 0.0009 | AC51: ? | AD51: ? | AE51: 0.33333 | AF51: 0.33333 | AG51: 0.5 | AH51: 0 | AI51: 0 | AJ51: 0 | AK51: 0.33333 | AL51: 0.33333 | AM51: 0.5 | AN51: 0 | AO51: 0 | AP51: 0 | AQ51: 0.123 | AR51: 0.32 | AS51: 0.491403 | AT51: 0 | AU51: 0.976132 | AV51: 0.465427
B52: Zn_Mg_C_HFD3_375 | C52: 4 | D52: 520 | E52: 0 | F52: 6 | G52: 6 | H52: 4 | I52: 20.8 | J52: 3.345 | K52: 3.345 | L52: 4.274 | M52: 41.415 | N52: 26 | O52: 26 | P52: 33 | Q52: 1 | R52: -62.0797 | S52: I | T52: -1.911 | U52: 10.402 | V52: 12.312 | W52: I | X52: -1.911 | Y52: 10.402 | Z52: 12.312 | AA52: 0.7076 | AB52: 0.0007 | AC52: ? | AD52: ? | AE52: 0.33333 | AF52: 0.33333 | AG52: 0.5 | AH52: 0 | AI52: 0 | AJ52: 0 | AK52: 0.33333 | AL52: 0.33333 | AM52: 0.5 | AN52: 0 | AO52: 0 | AP52: 0 | AQ52: 0.115 | AR52: 0.313 | AS52: 0.490744 | AT52: 0 | AU52: 0.97068 | AV52: 0.458512
B53: Zn_Mg_C_HFD3_438 | C53: 4 | D53: 520 | E53: 0 | F53: 6 | G53: 6 | H53: 4 | I53: 20.8 | J53: 3.3353 | K53: 3.3353 | L53: 4.3143 | M53: 41.563 | N53: 26 | O53: 26 | P53: 31 | Q53: 1 | R53: -62.0586 | S53: I | T53: -2.023 | U53: 10.352 | V53: 12.375 | W53: I | X53: -2.023 | Y53: 10.352 | Z53: 12.375 | AA53: 0.7158 | AB53: 0.0007 | AC53: ? | AD53: ? | AE53: 0.33333 | AF53: 0.33333 | AG53: 0.5 | AH53: 0 | AI53: 0 | AJ53: 0 | AK53: 0.33333 | AL53: 0.33333 | AM53: 0.5 | AN53: 0 | AO53: 0 | AP53: 0 | AQ53: 0.131 | AR53: 0.326 | AS53: 0.490694 | AT53: 0 | AU53: 0.964763 | AV53: 0.451597
B54: Zn_Mg_C_HFD3_500 | C54: 4 | D54: 520 | E54: 0 | F54: 6 | G54: 6 | H54: 4 | I54: 20.8 | J54: 3.3234 | K54: 3.3234 | L54: 4.364 | M54: 41.742 | N54: 26 | O54: 26 | P54: 30 | Q54: 1 | R54: -62.0379 | S54: I | T54: -2.164 | U54: 10.295 | V54: 12.459 | W54: I | X54: -2.164 | Y54: 10.295 | Z54: 12.459 | AA54: 0.6663 | AB54: 0.0003 | AC54: ? | AD54: ? | AE54: 0.33333 | AF54: 0.33333 | AG54: 0.5 | AH54: 0 | AI54: 0 | AJ54: 0 | AK54: 0.33333 | AL54: 0.33333 | AM54: 0.5 | AN54: 0 | AO54: 0 | AP54: 0 | AQ54: 0.126 | AR54: 0.323 | AS54: 0.491468 | AT54: 0 | AU54: 0.958271 | AV54: 0.444683
B55: Zn_Mg_C_HFD3_563 | C55: 4 | D55: 520 | E55: 0 | F55: 6 | G55: 6 | H55: 4 | I55: 20.9 | J55: 3.3091 | K55: 3.3091 | L55: 4.4253 | M55: 41.966 | N55: 26 | O55: 26 | P55: 26 | Q55: 1 | R55: -62.0195 | S55: I | T55: -2.342 | U55: 10.227 | V55: 12.57 | W55: I | X55: -2.342 | Y55: 10.227 | Z55: 12.57 | AA55: 0.5479 | AB55: 0.0003 | AC55: ? | AD55: ? | AE55: 0.33333 | AF55: 0.33333 | AG55: 0.5 | AH55: 0 | AI55: 0 | AJ55: 0 | AK55: 0.33333 | AL55: 0.33333 | AM55: 0.5 | AN55: 0 | AO55: 0 | AP55: 0 | AQ55: 0.107 | AR55: 0.325 | AS55: 0.49318 | AT55: 0 | AU55: 0.951047 | AV55: 0.437768
B56: Zn_Mg_C_HFD3_625 | C56: 4 | D56: 520 | E56: 0 | F56: 6 | G56: 6 | H56: 4 | I56: 20.9 | J56: 3.2927 | K56: 3.2927 | L56: 4.4964 | M56: 42.22 | N56: 26 | O56: 26 | P56: 25 | Q56: 1 | R56: -62.0054 | S56: I | T56: -2.552 | U56: 10.155 | V56: 12.706 | W56: I | X56: -2.552 | Y56: 10.155 | Z56: 12.706 | AA56: 0.3791 | AB56: 0.0012 | AC56: ? | AD56: ? | AE56: 0.33333 | AF56: 0.33333 | AG56: 0.5 | AH56: 0 | AI56: 0 | AJ56: 0 | AK56: 0.33333 | AL56: 0.33333 | AM56: 0.5 | AN56: 0 | AO56: 0 | AP56: 0 | AQ56: 0.102 | AR56: 0.315 | AS56: 0.495513 | AT56: 0 | AU56: 0.943316 | AV56: 0.430853
... B64: Zn_Mg_C_HFD3_ver | C64: 4 | D64: 520 | E64: 0 | F64: 6 | G64: 6 | H64: 4 | I64: 21.1 | J64: 3.1941 | K64: 3.1941 | L64: 4.9122 | M64: 43.403 | N64: 26 | O64: 26 | P64: 28 | Q64: 1 | R64: -61.3976 | S64: D | T64: -2.794 | U64: 9.864 | V64: 12.658 | W64: D | X64: -2.794 | Y64: 9.864 | Z64: 12.658 | AA64: 0 | AB64: 0 | AC64: ? | AD64: ? | AE64: 0 | AF64: 0 | AG64: 0 | AH64: 0 | AI64: 0 | AJ64: 0 | AK64: 0 | AL64: 0 | AM64: 0 | AN64: 0 | AO64: 0 | AP64: 0 | AQ64: 0.09 | AR64: 0.317 | AS64: 0.5 | AT64: 0 | AU64: 0 | AV64: 0.5
A65: MP2 calcs ENCUT=400 KPOINTS=3x3x2
B66: material | C66: atoms | D66: ENCUT | E66: KSPACING | F66: KPOINTS | I66: R_WS | J66: axis vector lengths | M66: volume | N66: NELECT | O66: NBANDS | P66: SCF steps | Q66: Geo opt steps | R66: Energy | S66: spin up bandgap | W66: spin down bandgap | AA66: max |Force| | AB66: max |drift| | AC66: Pressure | AD66: Pulay st. | AE66: DFT alpha HOMO k | AH66: DFT alpha LUMO k | AK66: DFT beta HOMO k | AN66: DFT beta LUMO k | AQ66: cpu time | AR66: memory | AS66: c_z fractional coords | AW66: E_MP2
F67: a | G67: b | H67: c | J67: a | K67: b | L67: c | S67: type | T67: HOMO | U67: LUMO | V67: GAP | W67: type | X67: HOMO | Y67: LUMO | Z67: GAP | AA67: eV/Ang | AB67: eV/Ang | AC67: kbar | AD67: kbar | AE67: a | AF67: b | AG67: c | AH67: a | AI67: b | AJ67: c | AK67: a | AL67: b | AM67: c | AN67: a | AO67: b | AP67: c | AQ67: (h) | AR67: (GB) | AS67: Zn | AT67: Mg | AU67: O | AV67: O
B68: 2 | C68: 3 | D68: 4 | E68: 5 | F68: 6 | G68: 7 | H68: 8 | I68: 9 | J68: 10 | K68: 11 | L68: 12 | M68: 13 | N68: 14 | O68: 15 | P68: 16 | Q68: 17 | R68: 18 | S68: 19 | T68: 20 | U68: 21 | V68: 22 | W68: 23 | X68: 24 | Y68: 25 | Z68: 26 | AA68: 27 | AB68: 28 | AC68: 29 | AD68: 30 | AE68: 31 | AF68: 32 | AG68: 33 | AH68: 34 | AI68: 35 | AJ68: 36 | AK68: 37 | AL68: 38 | AM68: 39 | AN68: 40 | AO68: 41 | AP68: 42 | AQ68: 43 | AR68: 44 | AS68: 45 | AT68: 46 | AU68: 47 | AV68: 48 | AW68: 49
B69: Zn_Mg_C_HF_atHFD3_000 | C69: 4 | D69: 400 | E69: 0 | F69: 3 | G69: 3 | H69: 2 | I69: 10.3 | J69: 3.3695 | K69: 3.3695 | L69: 4.1753 | M69: 41.053 | N69: 26 | O69: 816 | P69: 1 | Q69: 1 | R69: -58.3548 | S69: I | T69: -1.748 | U69: 10.632 | V69: 12.38 | W69: I | X69: -1.748 | Y69: 10.632 | Z69: 12.38 | AA69: 0 | AB69: 0.0001 | AC69: ? | AD69: ? | AE69: 0.33333 | AF69: 0.33333 | AG69: 0.5 | AH69: 0 | AI69: 0 | AJ69: 0 | AK69: 0.33333 | AL69: 0.33333 | AM69: 0.5 | AN69: 0 | AO69: 0 | AP69: 0 | AQ69: 0.009 | AR69: 0.299 | AS69: 0.5 | AT69: 0 | AU69: 0 | AV69: 0.5 | AW69: -18.9348
B78: Zn_Mg_C_HF_atHFD3_500 | C78: 4 | D78: 400 | E78: 0 | F78: 3 | G78: 3 | H78: 2 | I78: 10.4 | J78: 3.3234 | K78: 3.3234 | L78: 4.364 | M78: 41.742 | N78: 26 | O78: 816 | P78: 1 | Q78: 1 | R78: -58.3033 | S78: I | T78: -2.263 | U78: 10.407 | V78: 12.67 | W78: I | X78: -2.263 | Y78: 10.407 | Z78: 12.67 | AA78: 0.6279 | AB78: 0.0007 | AC78: ? | AD78: ? | AE78: 0.33333 | AF78: 0.33333 | AG78: 0.5 | AH78: 0 | AI78: 0 | AJ78: 0 | AK78: 0.33333 | AL78: 0.33333 | AM78: 0.5 | AN78: 0 | AO78: 0 | AP78: 0 | AQ78: 0.009 | AR78: 0.304 | AS78: 0.491468 | AT78: 0 | AU78: 0.958271 | AV78: 0.444683 | AW78: -18.9061
B87: Zn_Mg_C_HF_atHFD3_999 | C87: 4 | D87: 400 | E87: 0 | F87: 3 | G87: 3 | H87: 2 | I87: 10.5 | J87: 3.1941 | K87: 3.1941 | L87: 4.9122 | M87: 43.403 | N87: 26 | O87: 816 | P87: 1 | Q87: 1 | R87: -58.4427 | S87: D | T87: -2.905 | U87: 9.953 | V87: 12.858 | W87: D | X87: -2.905 | Y87: 9.953 | Z87: 12.858 | AA87: 0.0503 | AB87: 0.0304 | AC87: ? | AD87: ? | AE87: 0 | AF87: 0 | AG87: 0 | AH87: 0 | AI87: 0 | AJ87: 0 | AK87: 0 | AL87: 0 | AM87: 0 | AN87: 0 | AO87: 0 | AP87: 0 | AQ87: 0.008 | AR87: 0.299 | AS87: 0.50187 | AT87: 0 | AU87: 0.900733 | AV87: 0.389365 | AW87: -18.8504
A88: DFT calcs ENCUT=520 KPOINTS=3x3x2
B89: material | C89: atoms | D89: ENCUT | E89: KSPACING | F89: KPOINTS | I89: R_WS | J89: axis vector lengths | M89: volume | N89: NELECT | O89: NBANDS | P89: SCF steps | Q89: Geo opt steps | R89: Energy | S89: spin up bandgap | W89: spin down bandgap | AA89: max |Force| | AB89: max |drift| | AC89: Pressure | AD89: Pulay st. | AE89: DFT alpha HOMO k | AH89: DFT alpha LUMO k | AK89: DFT beta HOMO k | AN89: DFT beta LUMO k | AQ89: cpu time | AR89: memory | AS89: c_z fractional coords
F90: a | G90: b | H90: c | J90: a | K90: b | L90: c | S90: type | T90: HOMO | U90: LUMO | V90: GAP | W90: type | X90: HOMO | Y90: LUMO | Z90: GAP | AA90: eV/Ang | AB90: eV/Ang | AC90: kbar | AD90: kbar | AE90: a | AF90: b | AG90: c | AH90: a | AI90: b | AJ90: c | AK90: a | AL90: b | AM90: c | AN90: a | AO90: b | AP90: c | AQ90: (h) | AR90: (GB) | AS90: Zn | AT90: Mg | AU90: O | AV90: O
B91: 2 | C91: 3 | D91: 4 | E91: 5 | F91: 6 | G91: 7 | H91: 8 | I91: 9 | J91: 10 | K91: 11 | L91: 12 | M91: 13 | N91: 14 | O91: 15 | P91: 16 | Q91: 17 | R91: 18 | S91: 19 | T91: 20 | U91: 21 | V91: 22 | W91: 23 | X91: 24 | Y91: 25 | Z91: 26 | AA91: 27 | AB91: 28 | AC91: 29 | AD91: 30 | AE91: 31 | AF91: 32 | AG91: 33 | AH91: 34 | AI91: 35 | AJ91: 36 | AK91: 37 | AL91: 38 | AM91: 39 | AN91: 40 | AO91: 41 | AP91: 42 | AQ91: 43 | AR91: 44 | AS91: 45 | AT91: 46 | AU91: 47 | AV91: 48
A111: MP2 calcs ENCUT=520 KPOINTS=3x3x2
B112: material | C112: atoms | D112: ENCUT | E112: KSPACING | F112: KPOINTS | I112: R_WS | J112: axis vector lengths | M112: volume | N112: NELECT | O112: NBANDS | P112: SCF steps | Q112: Geo opt steps | R112: Energy | S112: spin up bandgap | W112: spin down bandgap | AA112: max |Force| | AB112: max |drift| | AC112: Pressure | AD112: Pulay st. | AE112: DFT alpha HOMO k | AH112: DFT alpha LUMO k | AK112: DFT beta HOMO k | AN112: DFT beta LUMO k | AQ112: cpu time | AR112: memory | AS112: c_z fractional coords | AW112: E_MP2
F113: a | G113: b | H113: c | J113: a | K113: b | L113: c | S113: type | T113: HOMO | U113: LUMO | V113: GAP | W113: type | X113: HOMO | Y113: LUMO | Z113: GAP | AA113: eV/Ang | AB113: eV/Ang | AC113: kbar | AD113: kbar | AE113: a | AF113: b | AG113: c | AH113: a | AI113: b | AJ113: c | AK113: a | AL113: b | AM113: c | AN113: a | AO113: b | AP113: c | AQ113: (h) | AR113: (GB) | AS113: Zn | AT113: Mg | AU113: O | AV113: O
B114: 2 | C114: 3 | D114: 4 | E114: 5 | F114: 6 | G114: 7 | H114: 8 | I114: 9 | J114: 10 | K114: 11 | L114: 12 | M114: 13 | N114: 14 | O114: 15 | P114: 16 | Q114: 17 | R114: 18 | S114: 19 | T114: 20 | U114: 21 | V114: 22 | W114: 23 | X114: 24 | Y114: 25 | Z114: 26 | AA114: 27 | AB114: 28 | AC114: 29 | AD114: 30 | AE114: 31 | AF114: 32 | AG114: 33 | AH114: 34 | AI114: 35 | AJ114: 36 | AK114: 37 | AL114: 38 | AM114: 39 | AN114: 40 | AO114: 41 | AP114: 42 | AQ114: 43 | AR114: 44 | AS114: 45 | AT114: 46 | AU114: 47 | AV114: 48 | AW114: 49
A134: MP2 calcs ENCUT=520 KPOINTS=4x4x3
B135: material | C135: atoms | D135: ENCUT | E135: KSPACING | F135: KPOINTS | I135: R_WS | J135: axis vector lengths | M135: volume | N135: NELECT | O135: NBANDS | P135: SCF steps | Q135: Geo opt steps | R135: Energy | S135: spin up bandgap | W135: spin down bandgap | AA135: max |Force| | AB135: max |drift| | AC135: Pressure | AD135: Pulay st. | AE135: DFT alpha HOMO k | AH135: DFT alpha LUMO k | AK135: DFT beta HOMO k | AN135: DFT beta LUMO k | AQ135: cpu time | AR135: memory | AS135: c_z fractional coords | AW135: E_MP2
F136: a | G136: b | H136: c | J136: a | K136: b | L136: c | S136: type | T136: HOMO | U136: LUMO | V136: GAP | W136: type | X136: HOMO | Y136: LUMO | Z136: GAP | AA136: eV/Ang | AB136: eV/Ang | AC136: kbar | AD136: kbar | AE136: a | AF136: b | AG136: c | AH136: a | AI136: b | AJ136: c | AK136: a | AL136: b | AM136: c | AN136: a | AO136: b | AP136: c | AQ136: (h) | AR136: (GB) | AS136: Zn | AT136: Mg | AU136: O | AV136: O
B137: 2 | C137: 3 | D137: 4 | E137: 5 | F137: 6 | G137: 7 | H137: 8 | I137: 9 | J137: 10 | K137: 11 | L137: 12 | M137: 13 | N137: 14 | O137: 15 | P137: 16 | Q137: 17 | R137: 18 | S137: 19 | T137: 20 | U137: 21 | V137: 22 | W137: 23 | X137: 24 | Y137: 25 | Z137: 26 | AA137: 27 | AB137: 28 | AC137: 29 | AD137: 30 | AE137: 31 | AF137: 32 | AG137: 33 | AH137: 34 | AI137: 35 | AJ137: 36 | AK137: 37 | AL137: 38 | AM137: 39 | AN137: 40 | AO137: 41 | AP137: 42 | AQ137: 43 | AR137: 44 | AS137: 45 | AT137: 46 | AU137: 47 | AV137: 48 | AW137: 49
A157: HF calcs ENCUT=520 KPOINTS=9x9x6
B158: material | C158: atoms | D158: ENCUT | E158: KSPACING | F158: KPOINTS | I158: R_WS | J158: axis vector lengths | M158: volume | N158: NELECT | O158: NBANDS | P158: SCF steps | Q158: Geo opt steps | R158: Energy | S158: spin up bandgap | W158: spin down bandgap | AA158: max |Force| | AB158: max |drift| | AC158: Pressure | AD158: Pulay st. | AE158: DFT alpha HOMO k | AH158: DFT alpha LUMO k | AK158: DFT beta HOMO k | AN158: DFT beta LUMO k | AQ158: cpu time | AR158: memory | AS158: c_z fractional coords | AW158: E_MP2
F159: a | G159: b | H159: c | J159: a | K159: b | L159: c | S159: type | T159: HOMO | U159: LUMO | V159: GAP | W159: type | X159: HOMO | Y159: LUMO | Z159: GAP | AA159: eV/Ang | AB159: eV/Ang | AC159: kbar | AD159: kbar | AE159: a | AF159: b | AG159: c | AH159: a | AI159: b | AJ159: c | AK159: a | AL159: b | AM159: c | AN159: a | AO159: b | AP159: c | AQ159: (h) | AR159: (GB) | AS159: Zn | AT159: Mg | AU159: O | AV159: O
B160: 2 | C160: 3 | D160: 4 | E160: 5 | F160: 6 | G160: 7 | H160: 8 | I160: 9 | J160: 10 | K160: 11 | L160: 12 | M160: 13 | N160: 14 | O160: 15 | P160: 16 | Q160: 17 | R160: 18 | S160: 19 | T160: 20 | U160: 21 | V160: 22 | W160: 23 | X160: 24 | Y160: 25 | Z160: 26 | AA160: 27 | AB160: 28 | AC160: 29 | AD160: 30 | AE160: 31 | AF160: 32 | AG160: 33 | AH160: 34 | AI160: 35 | AJ160: 36 | AK160: 37 | AL160: 38 | AM160: 39 | AN160: 40 | AO160: 41 | AP160: 42 | AQ160: 43 | AR160: 44 | AS160: 45 | AT160: 46 | AU160: 47 | AV160: 48 | AW160: 49

Sheet Mg_HF
A1: HF | C1: calc # = | D1: =COUNT(D41:D502)-6 -> 23 | J1: VASP energies | O1: change to h-ZnMgO2 | T1: Bandgap | W1: DFT KPOINTS 664 corr to MP2 332 400 | Z1: HF KPOINTS 996 corr to MP2 332 400 | AD1: MP2 332 520 | AH1: MP2 443 520
A2: Struct | B2: file | C2: RC | D2: a | E2: c | F2: z(Zn-O) | G2: z(Mg-O) | H2: interplane ratio | J2: =A1 -> HF | K2: HF | L2: correl | M2: MP2 332 400 | O2: =A1 -> HF | P2: HF | Q2: correl | R2: MP2 332 400 | T2: =A1 -> HF | U2: HF | W2: DFT@332 | X2: corr | Y2: MP2 w DFT KP corr | Z2: HF at 996 | AA2: corr | AB2: MP2 w KP corr | AD2: total | AE2: diff to C | AF2: MP2 332 520 corr | AH2: total | AI2: diff to C
A3: A' | B3: =B39 -> Zn_Mg_C_HF_999 | C3: =-C39 -> -1 | D3: =D39 -> 3.269 | E3: =E39 -> 5.1724 | F3: =-F39 -> -0.62662592 | G3: =-G39 -> -0.56828124 | H3: =H39 -> 0.501629 | J3: =J39 -> -58.228 | K3: =K39 -> -58.6409 | L3: =L39 -> -18.8986 | M3: =M39 -> -77.5395 | O3: =O39 -> -0.1527 | P3: =P39 -> -0.115 | Q3: =Q39 -> 0.0998 | R3: =R39 -> -0.0152 | T3: =T39 -> 12.181 | U3: =U39 -> 0 | W3: =W39 -> 0 | X3: =X39 -> -0.1527 | Y3: =R3+X3 -> -0.1679 | Z3: =Z39 -> 0 | AA3: =AA39 -> 0.115 | AB3: =AA3+R3 -> 0.0998 | AD3: =AD39 -> 0 | AE3: =AE39 -> 0 | AF3: =AF39 -> 0.115 | AH3: =AH39 -> 0 | AI3: =AI39 -> 0
B4: =B38 -> Zn_Mg_C_HF_969 | C4: =-C38 -> -0.96874974 | D4: =D38 -> 3.2745 | E4: =E38 -> 5.1531 | F4: =-F38 -> -0.60989515 | G4: =-G38 -> -0.55275758 | H4: =H38 -> 0.502571 | J4: =J38 -> -58.2269 | K4: =K38 -> 0 | L4: =L38 -> 0 | M4: =M38 -> 0 | O4: =O38 -> -0.1516 | P4: =P38 -> 58.5259 | Q4: =Q38 -> 18.9984 | R4: =R38 -> 77.5243 | T4: =T38 -> 12.179 | U4: =U38 -> 0 | W4: =W38 -> 0 | X4: =X38 -> -0.1516 | Y4: =R4+X4 -> 77.3727 | Z4: =Z38 -> 0 | AA4: =AA38 -> -58.5259 | AB4: =AA4+R4 -> 18.9984 | AD4: =AD38 -> 0 | AE4: =AE38 -> 0 | AF4: =AF38 -> -58.5259
B5: =B37 -> Zn_Mg_C_HF_938 | C5: =-C37 -> -0.93749948 | D5: =D37 -> 3.2801 | E5: =E37 -> 5.1338 | F5: =-F37 -> -0.59322086 | G5: =-G37 -> -0.53707249 | H5: =H37 -> 0.503503 | J5: =J37 -> -58.2237 | K5: =K37 -> 0 | L5: =L37 -> 0 | M5: =M37 -> 0 | O5: =O37 -> -0.1484 | P5: =P37 -> 58.5259 | Q5: =Q37 -> 18.9984 | R5: =R37 -> 77.5243 | T5: =T37 -> 12.176 | U5: =U37 -> 0 | W5: =W37 -> 0 | X5: =X37 -> -0.1484 | Y5: =R5+X5 -> 77.3759 | Z5: =Z37 -> 0 | AA5: =AA37 -> -58.5259 | AB5: =AA5+R5 -> 18.9984 | AD5: =AD37 -> 0 | AE5: =AE37 -> 0 | AF5: =AF37 -> -58.5259
B6: =B36 -> Zn_Mg_C_HF_875 | C6: =-C36 -> -0.87499895 | D6: =D36 -> 3.2912 | E6: =E36 -> 5.0943 | F6: =-F36 -> -0.55967508 | G6: =-G36 -> -0.50557871 | H6: =H36 -> 0.505284 | J6: =J36 -> -58.2122 | K6: =K36 -> 0 | L6: =L36 -> 0 | M6: =M36 -> 0 | O6: =O36 -> -0.1369 | P6: =P36 -> 58.5259 | Q6: =Q36 -> 18.9984 | R6: =R36 -> 77.5243 | T6: =T36 -> 12.173 | U6: =U36 -> 0 | W6: =W36 -> 0 | X6: =X36 -> -0.1369 | Y6: =R6+X6 -> 77.3874 | Z6: =Z36 -> 0 | AA6: =AA36 -> -58.5259 | AB6: =AA6+R6 -> 18.9984 | AD6: =AD36 -> 0 | AE6: =AE36 -> 0 | AF6: =AF36 -> -58.5259
B7: =B35 -> Zn_Mg_C_HF_813 | C7: =-C35 -> -0.81249843 | D7: =D35 -> 3.3026 | E7: =E35 -> 5.053 | F7: =-F35 -> -0.52564843 | G7: =-G35 -> -0.47339536 | H7: =H35 -> 0.506918 | J7: =J35 -> -58.195 | K7: =K35 -> 0 | L7: =L35 -> 0 | M7: =M35 -> 0 | O7: =O35 -> -0.1197 | P7: =P35 -> 58.5259 | Q7: =Q35 -> 18.9984 | R7: =R35 -> 77.5243 | T7: =T35 -> 12.174 | U7: =U35 -> 0 | W7: =W35 -> 0 | X7: =X35 -> -0.1197 | Y7: =R7+X7 -> 77.4046 | Z7: =Z35 -> 0 | AA7: =AA35 -> -58.5259 | AB7: =AA7+R7 -> 18.9984 | AD7: =AD35 -> 0 | AE7: =AE35 -> 0 | AF7: =AF35 -> -58.5259
B8: =B34 -> Zn_Mg_C_HF_750 | C8: =-C34 -> -0.74999791 | D8: =D34 -> 3.314 | E8: =E34 -> 5.009 | F8: =-F34 -> -0.49095714 | G8: =-G34 -> -0.44044137 | H8: =H34 -> 0.508376 | J8: =J34 -> -58.1738 | K8: =K34 -> 0 | L8: =L34 -> 0 | M8: =M34 -> 0 | O8: =O34 -> -0.0985 | P8: =P34 -> 58.5259 | Q8: =Q34 -> 18.9984 | R8: =R34 -> 77.5243 | T8: =T34 -> 12.179 | U8: =U34 -> 0 | W8: =W34 -> 0 | X8: =X34 -> -0.0985 | Y8: =R8+X8 -> 77.4258 | Z8: =Z34 -> 0 | AA8: =AA34 -> -58.5259 | AB8: =AA8+R8 -> 18.9984 | AD8: =AD34 -> 0 | AE8: =AE34 -> 0 | AF8: =AF34 -> -58.5259
B9: =B33 -> Zn_Mg_C_HF_688 | C9: =-C33 -> -0.68750575 | D9: =D33 -> 3.326 | E9: =E33 -> 4.9612 | F9: =-F33 -> -0.45490235 | G9: =-G33 -> -0.40626275 | H9: =H33 -> 0.509522 | J9: =J33 -> -58.1501 | K9: =K33 -> 0 | L9: =L33 -> 0 | M9: =M33 -> 0 | O9: =O33 -> -0.0748 | P9: =P33 -> 58.5259 | Q9: =Q33 -> 18.9984 | R9: =R33 -> 77.5243 | T9: =T33 -> 12.191 | U9: =U33 -> 0 | W9: =W33 -> 0 | X9: =X33 -> -0.0748 | Y9: =R9+X9 -> 77.4495 | Z9: =Z33 -> 0 | AA9: =AA33 -> -58.5259 | AB9: =AA9+R9 -> 18.9984 | AD9: =AD33 -> 0 | AE9: =AE33 -> 0 | AF9: =AF33 -> -58.5259
B10: =B32 -> Zn_Mg_C_HF_625 | C10: =-C32 -> -0.62500523 | D10: =D32 -> 3.3387 | E10: =E32 -> 4.9074 | F10: =-F32 -> -0.41707502 | G10: =-G32 -> -0.37038111 | H10: =H32 -> 0.510289 | J10: =J32 -> -58.1255 | K10: =K32 -> 0 | L10: =L32 -> 0 | M10: =M32 -> 0 | O10: =O32 -> -0.0502 | P10: =P32 -> 58.5259 | Q10: =Q32 -> 18.9984 | R10: =R32 -> 77.5243 | T10: =T32 -> 12.212 | U10: =U32 -> 0 | W10: =W32 -> 0 | X10: =X32 -> -0.0502 | Y10: =R10+X10 -> 77.4741 | Z10: =Z32 -> 0 | AA10: =AA32 -> -58.5259 | AB10: =AA10+R10 -> 18.9984 | AD10: =AD32 -> 0 | AE10: =AE32 -> 0 | AF10: =AF32 -> -58.5259
B11: =B31 -> Zn_Mg_C_HF_563 | C11: =-C31 -> -0.56250471 | D11: =D31 -> 3.3528 | E11: =E31 -> 4.844 | F11: =-F31 -> -0.37593315 | G11: =-G31 -> -0.33175587 | H11: =H31 -> 0.510378 | J11: =J31 -> -58.1012 | K11: =K31 -> 0 | L11: =L31 -> 0 | M11: =M31 -> 0 | O11: =O31 -> -0.0259 | P11: =P31 -> 58.5259 | Q11: =Q31 -> 18.9984 | R11: =R31 -> 77.5243 | T11: =T31 -> 12.243 | U11: =U31 -> 0 | W11: =W31 -> 0 | X11: =X31 -> -0.0259 | Y11: =R11+X11 -> 77.4984 | Z11: =Z31 -> 0 | AA11: =AA31 -> -58.5259 | AB11: =AA11+R11 -> 18.9984 | AD11: =AD31 -> 0 | AE11: =AE31 -> 0 | AF11: =AF31 -> -58.5259
B12: =B30 -> Zn_Mg_C_HF_500 | C12: =-C30 -> -0.50000418 | D12: =D30 -> 3.3694 | E12: =E30 -> 4.7648 | F12: =-F30 -> -0.3290142 | G12: =-G30 -> -0.28869923 | H12: =H30 -> 0.509291 | J12: =J30 -> -58.0795 | K12: =K30 -> -58.5147 | L12: =L30 -> -18.9672 | M12: =M30 -> -77.4819 | O12: =O30 -> -0.0042 | P12: =P30 -> 0.0112 | Q12: =Q30 -> 0.0312 | R12: =R30 -> 0.0424 | T12: =T30 -> 12.26 | U12: =U30 -> 0 | W12: =W30 -> 0 | X12: =X30 -> -0.0042 | Y12: =R12+X12 -> 0.0382 | Z12: =Z30 -> 0 | AA12: =AA30 -> -0.0112 | AB12: =AA12+R12 -> 0.0312 | AD12: =AD30 -> 0 | AE12: =AE30 -> 0 | AF12: =AF30 -> -0.0112
B13: =B29 -> Zn_Mg_C_HF_438 | C13: =-C29 -> -0.43750366 | D13: =D29 -> 3.3904 | E13: =E29 -> 4.6627 | F13: =-F29 -> -0.27225972 | G13: =-G29 -> -0.23883748 | H13: =H29 -> 0.506101 | J13: =J29 -> -58.0626 | K13: =K29 -> 0 | L13: =L29 -> 0 | M13: =M29 -> 0 | O13: =O29 -> 0.0127 | P13: =P29 -> 58.5259 | Q13: =Q29 -> 18.9984 | R13: =R29 -> 77.5243 | T13: =T29 -> 12.16 | U13: =U29 -> 0 | W13: =W29 -> 0 | X13: =X29 -> 0.0127 | Y13: =R13+X13 -> 77.537 | Z13: =Z29 -> 0 | AA13: =AA29 -> -58.5259 | AB13: =AA13+R13 -> 18.9984 | AD13: =AD29 -> 0 | AE13: =AE29 -> 0 | AF13: =AF29 -> -58.5259
B14: =B28 -> Zn_Mg_C_HF_375 | C14: =-C28 -> -0.37500314 | D14: =D28 -> 3.4151 | E14: =E28 -> 4.5476 | F14: =-F28 -> -0.20811637 | G14: =-G28 -> -0.18505549 | H14: =H28 -> 0.500944 | J14: =J28 -> -58.054 | K14: =K28 -> 0 | L14: =L28 -> 0 | M14: =M28 -> 0 | O14: =O28 -> 0.0213 | P14: =P28 -> 58.5259 | Q14: =Q28 -> 18.9984 | R14: =R28 -> 77.5243 | T14: =T28 -> 11.974 | U14: =U28 -> 0 | W14: =W28 -> 0 | X14: =X28 -> 0.0213 | Y14: =R14+X14 -> 77.5456 | Z14: =Z28 -> 0 | AA14: =AA28 -> -58.5259 | AB14: =AA14+R14 -> 18.9984 | AD14: =AD28 -> 0 | AE14: =AE28 -> 0 | AF14: =AF28 -> -58.5259
A15: B' | B15: =B27 -> Zn_Mg_C_HF_313 | C15: =-C27 -> -0.31250261 | D15: =D27 -> 3.4368 | E15: =E27 -> 4.4545 | F15: =-F27 -> -0.15137282 | G15: =-G27 -> -0.13838795 | H15: =H27 -> 0.496632 | J15: =J27 -> -58.0541 | K15: =K27 -> 0 | L15: =L27 -> 0 | M15: =M27 -> 0 | O15: =O27 -> 0.0212 | P15: =P27 -> 58.5259 | Q15: =Q27 -> 18.9984 | R15: =R27 -> 77.5243 | T15: =T27 -> 11.835 | U15: =U27 -> 0 | W15: =W27 -> 0 | X15: =X27 -> 0.0212 | Y15: =R15+X15 -> 77.5455 | Z15: =Z27 -> 0 | AA15: =AA27 -> -58.5259 | AB15: =AA15+R15 -> 18.9984 | AD15: =AD27 -> 0 | AE15: =AE27 -> 0 | AF15: =AF27 -> -58.5259
B16: =B26 -> Zn_Mg_C_HF_250 | C16: =-C26 -> -0.25000209 | D16: =D26 -> 3.4517 | E16: =E26 -> 4.3953 | F16: =-F26 -> -0.10972866 | G16: =-G26 -> -0.10285442 | H16: =H26 -> 0.495085 | J16: =J26 -> -58.0589 | K16: =K26 -> 0 | L16: =L26 -> 0 | M16: =M26 -> 0 | O16: =O26 -> 0.0164 | P16: =P26 -> 58.5259 | Q16: =Q26 -> 18.9984 | R16: =R26 -> 77.5243 | T16: =T26 -> 11.755 | U16: =U26 -> 0 | W16: =W26 -> 0 | X16: =X26 -> 0.0164 | Y16: =R16+X16 -> 77.5407 | Z16: =Z26 -> 0 | AA16: =AA26 -> -58.5259 | AB16: =AA16+R16 -> 18.9984 | AD16: =AD26 -> 0 | AE16: =AE26 -> 0 | AF16: =AF26 -> -58.5259
B17: =B25 -> Zn_Mg_C_HF_188 | C17: =-C25 -> -0.18750157 | D17: =D25 -> 3.4618 | E17: =E25 -> 4.3566 | F17: =-F25 -> -0.076850424 | G17: =-G25 -> -0.073478416 | H17: =H25 -> 0.49523 | J17: =J25 -> -58.0649 | K17: =K25 -> 0 | L17: =L25 -> 0 | M17: =M25 -> 0 | O17: =O25 -> 0.0104 | P17: =P25 -> 58.5259 | Q17: =Q25 -> 18.9984 | R17: =R25 -> 77.5243 | T17: =T25 -> 11.707 | U17: =U25 -> 0 | W17: =W25 -> 0 | X17: =X25 -> 0.0104 | Y17: =R17+X17 -> 77.5347 | Z17: =Z25 -> 0 | AA17: =AA25 -> -58.5259 | AB17: =AA17+R17 -> 18.9984 | AD17: =AD25 -> 0 | AE17: =AE25 -> 0 | AF17: =AF25 -> -58.5259
B18: =B24 -> Zn_Mg_C_HF_125 | C18: =-C24 -> -0.12500105 | D18: =D24 -> 3.4686 | E18: =E24 -> 4.332 | F18: =-F24 -> -0.049285164 | G18: =-G24 -> -0.047660664 | H18: =H24 -> 0.496437 | J18: =J24 -> -58.0704 | K18: =K24 -> 0 | L18: =L24 -> 0 | M18: =M24 -> 0 | O18: =O24 -> 0.0049 | P18: =P24 -> 58.5259 | Q18: =Q24 -> 18.9984 | R18: =R24 -> 77.5243 | T18: =T24 -> 11.679 | U18: =U24 -> 0 | W18: =W24 -> 0 | X18: =X24 -> 0.0049 | Y18: =R18+X18 -> 77.5292 | Z18: =Z24 -> 0 | AA18: =AA24 -> -58.5259 | AB18: =AA18+R18 -> 18.9984 | AD18: =AD24 -> 0 | AE18: =AE24 -> 0 | AF18: =AF24 -> -58.5259
B19: =B23 -> Zn_Mg_C_HF_063 | C19: =-C23 -> -0.062500523 | D19: =D23 -> 3.4723 | E19: =E23 -> 4.3179 | F19: =-F23 -> -0.024102518 | G19: =-G23 -> -0.023359839 | H19: =H23 -> 0.498112 | J19: =J23 -> -58.074 | K19: =K23 -> 0 | L19: =L23 -> 0 | M19: =M23 -> 0 | O19: =O23 -> 0.0013 | P19: =P23 -> 58.5259 | Q19: =Q23 -> 18.9984 | R19: =R23 -> 77.5243 | T19: =T23 -> 11.663 | U19: =U23 -> 0 | W19: =W23 -> 0 | X19: =X23 -> 0.0013 | Y19: =R19+X19 -> 77.5256 | Z19: =Z23 -> 0 | AA19: =AA23 -> -58.5259 | AB19: =AA19+R19 -> 18.9984 | AD19: =AD23 -> 0 | AE19: =AE23 -> 0 | AF19: =AF23 -> -58.5259
B20: =B22 -> Zn_Mg_C_HF_031 | C20: =-C22 -> -0.031250261 | D20: =D22 -> 3.4733 | E20: =E22 -> 4.3144 | F20: =-F22 -> -0.011976774 | G20: =-G22 -> -0.011700653 | H20: =H22 -> 0.499041 | J20: =J22 -> -58.075 | K20: =K22 -> 0 | L20: =L22 -> 0 | M20: =M22 -> 0 | O20: =O22 -> 0.0003 | P20: =P22 -> 58.5259 | Q20: =Q22 -> 18.9984 | R20: =R22 -> 77.5243 | T20: =T22 -> 11.66 | U20: =U22 -> 0 | W20: =W22 -> 0 | X20: =X22 -> 0.0003 | Y20: =R20+X20 -> 77.5246 | Z20: =Z22 -> 0 | AA20: =AA22 -> -58.5259 | AB20: =AA20+R20 -> 18.9984 | AD20: =AD22 -> 0 | AE20: =AE22 -> 0 | AF20: =AF22 -> -58.5259
A21: C | B21: =Mg_HF!B45 -> Zn_Mg_C_HF_000 | C21: =(0.5-AV45)/(0.5-AV$63) -> 0 | D21: =J45 -> 3.4735 | E21: =L45 -> 4.3132 | F21: =E21*ABS(AS45-AV45) -> 0 | G21: =E21*(ABS(MOD(AT45-AU45+2.5,1)-0.5)) -> 0 | H21: =MOD(AS45-AT45,1) -> 0.5 | J21: =R45 -> -58.0753 | K21: =R69 -> -58.5259 | L21: =AW69 -> -18.9984 | M21: =K21+L21 -> -77.5243 | O21: =J21-J$21 -> 0 | P21: =K21-K$21 -> 0 | Q21: =L21-L$21 -> 0 | R21: =M21-M$21 -> 0 | T21: =Z47 -> 11.663 | U21: =V115 -> 0 | W21: =R92-R$92 -> 0 | X21: =O21-W21 -> 0 | Y21: =R21+X21 -> 0 | Z21: =R161-R$161 -> 0 | AA21: =Z21-P21 -> 0 | AB21: =AA21+R21 -> 0 | AD21: =R115+AW115 -> 0 | AE21: =AD21-AD$21 -> 0 | AF21: =AE21+AA21 -> 0 | AH21: =R138+AW138 -> 0 | AI21: =AH21-AH$21 -> 0
B22: =Mg_HF!B46 -> Zn_Mg_C_HF_031 | C22: =(0.5-AV46)/(0.5-AV$63) -> 0.031250261 | D22: =Mg_HF!J46 -> 3.4733 | E22: =L46 -> 4.3144 | F22: =E22*ABS(AS46-AV46) -> 0.011976774 | G22: =E22*(ABS(MOD(AT46-AU46+2.5,1)-0.5)) -> 0.011700653 | H22: =MOD(AS46-AT46,1) -> 0.499041 | J22: =R46 -> -58.075 | K22: =R70 -> 0 | L22: =AW70 -> 0 | M22: =K22+L22 -> 0 | O22: =J22-J$21 -> 0.0003 | P22: =K22-K$21 -> 58.5259 | Q22: =L22-L$21 -> 18.9984 | R22: =M22-M$21 -> 77.5243 | T22: =Z46 -> 11.66 | U22: =V116 -> 0 | W22: =R93-R$92 -> 0 | X22: =O22-W22 -> 0.0003 | Y22: =R22+X22 -> 77.5246 | Z22: =R162-R$161 -> 0 | AA22: =Z22-P22 -> -58.5259 | AB22: =AA22+R22 -> 18.9984 | AD22: =R116+AW116 -> 0 | AE22: =AD22-AD$21 -> 0 | AF22: =AE22+AA22 -> -58.5259
B23: =Mg_HF!B47 -> Zn_Mg_C_HF_063 | C23: =(0.5-AV47)/(0.5-AV$63) -> 0.062500523 | D23: =Mg_HF!J47 -> 3.4723 | E23: =L47 -> 4.3179 | F23: =E23*ABS(AS47-AV47) -> 0.024102518 | G23: =E23*(ABS(MOD(AT47-AU47+2.5,1)-0.5)) -> 0.023359839 | H23: =MOD(AS47-AT47,1) -> 0.498112 | J23: =R47 -> -58.074 | K23: =R71 -> 0 | L23: =AW71 -> 0 | M23: =K23+L23 -> 0 | O23: =J23-J$21 -> 0.0013 | P23: =K23-K$21 -> 58.5259 | Q23: =L23-L$21 -> 18.9984 | R23: =M23-M$21 -> 77.5243 | T23: =Z47 -> 11.663 | U23: =V117 -> 0 | W23: =R94-R$92 -> 0 | X23: =O23-W23 -> 0.0013 | Y23: =R23+X23 -> 77.5256 | Z23: =R163-R$161 -> 0 | AA23: =Z23-P23 -> -58.5259 | AB23: =AA23+R23 -> 18.9984 | AD23: =R117+AW117 -> 0 | AE23: =AD23-AD$21 -> 0 | AF23: =AE23+AA23 -> -58.5259
B24: =Mg_HF!B48 -> Zn_Mg_C_HF_125 | C24: =(0.5-AV48)/(0.5-AV$63) -> 0.12500105 | D24: =Mg_HF!J48 -> 3.4686 | E24: =L48 -> 4.332 | F24: =E24*ABS(AS48-AV48) -> 0.049285164 | G24: =E24*(ABS(MOD(AT48-AU48+2.5,1)-0.5)) -> 0.047660664 | H24: =MOD(AS48-AT48,1) -> 0.496437 | J24: =R48 -> -58.0704 | K24: =R72 -> 0 | L24: =AW72 -> 0 | M24: =K24+L24 -> 0 | O24: =J24-J$21 -> 0.0049 | P24: =K24-K$21 -> 58.5259 | Q24: =L24-L$21 -> 18.9984 | R24: =M24-M$21 -> 77.5243 | T24: =Z48 -> 11.679 | U24: =V118 -> 0 | W24: =R95-R$92 -> 0 | X24: =O24-W24 -> 0.0049 | Y24: =R24+X24 -> 77.5292 | Z24: =R164-R$161 -> 0 | AA24: =Z24-P24 -> -58.5259 | AB24: =AA24+R24 -> 18.9984 | AD24: =R118+AW118 -> 0 | AE24: =AD24-AD$21 -> 0 | AF24: =AE24+AA24 -> -58.5259
B25: =Mg_HF!B49 -> Zn_Mg_C_HF_188 | C25: =(0.5-AV49)/(0.5-AV$63) -> 0.18750157 | D25: =Mg_HF!J49 -> 3.4618 | E25: =L49 -> 4.3566 | F25: =E25*ABS(AS49-AV49) -> 0.076850424 | G25: =E25*(ABS(MOD(AT49-AU49+2.5,1)-0.5)) -> 0.073478416 | H25: =MOD(AS49-AT49,1) -> 0.49523 | J25: =R49 -> -58.0649 | K25: =R73 -> 0 | L25: =AW73 -> 0 | M25: =K25+L25 -> 0 | O25: =J25-J$21 -> 0.0104 | P25: =K25-K$21 -> 58.5259 | Q25: =L25-L$21 -> 18.9984 | R25: =M25-M$21 -> 77.5243 | T25: =Z49 -> 11.707 | U25: =V119 -> 0 | W25: =R96-R$92 -> 0 | X25: =O25-W25 -> 0.0104 | Y25: =R25+X25 -> 77.5347 | Z25: =R165-R$161 -> 0 | AA25: =Z25-P25 -> -58.5259 | AB25: =AA25+R25 -> 18.9984 | AD25: =R119+AW119 -> 0 | AE25: =AD25-AD$21 -> 0 | AF25: =AE25+AA25 -> -58.5259
B26: =Mg_HF!B50 -> Zn_Mg_C_HF_250 | C26: =(0.5-AV50)/(0.5-AV$63) -> 0.25000209 | D26: =Mg_HF!J50 -> 3.4517 | E26: =L50 -> 4.3953 | F26: =E26*ABS(AS50-AV50) -> 0.10972866 | G26: =E26*(ABS(MOD(AT50-AU50+2.5,1)-0.5)) -> 0.10285442 | H26: =MOD(AS50-AT50,1) -> 0.495085 | J26: =R50 -> -58.0589 | K26: =R74 -> 0 | L26: =AW74 -> 0 | M26: =K26+L26 -> 0 | O26: =J26-J$21 -> 0.0164 | P26: =K26-K$21 -> 58.5259 | Q26: =L26-L$21 -> 18.9984 | R26: =M26-M$21 -> 77.5243 | T26: =Z50 -> 11.755 | U26: =V120 -> 0 | W26: =R97-R$92 -> 0 | X26: =O26-W26 -> 0.0164 | Y26: =R26+X26 -> 77.5407 | Z26: =R166-R$161 -> 0 | AA26: =Z26-P26 -> -58.5259 | AB26: =AA26+R26 -> 18.9984 | AD26: =R120+AW120 -> 0 | AE26: =AD26-AD$21 -> 0 | AF26: =AE26+AA26 -> -58.5259
A27: B | B27: =Mg_HF!B51 -> Zn_Mg_C_HF_313 | C27: =(0.5-AV51)/(0.5-AV$63) -> 0.31250261 | D27: =Mg_HF!J51 -> 3.4368 | E27: =L51 -> 4.4545 | F27: =E27*ABS(AS51-AV51) -> 0.15137282 | G27: =E27*(ABS(MOD(AT51-AU51+2.5,1)-0.5)) -> 0.13838795 | H27: =MOD(AS51-AT51,1) -> 0.496632 | J27: =R51 -> -58.0541 | K27: =R75 -> 0 | L27: =AW75 -> 0 | M27: =K27+L27 -> 0 | O27: =J27-J$21 -> 0.0212 | P27: =K27-K$21 -> 58.5259 | Q27: =L27-L$21 -> 18.9984 | R27: =M27-M$21 -> 77.5243 | T27: =Z51 -> 11.835 | U27: =V121 -> 0 | W27: =R98-R$92 -> 0 | X27: =O27-W27 -> 0.0212 | Y27: =R27+X27 -> 77.5455 | Z27: =R167-R$161 -> 0 | AA27: =Z27-P27 -> -58.5259 | AB27: =AA27+R27 -> 18.9984 | AD27: =R121+AW121 -> 0 | AE27: =AD27-AD$21 -> 0 | AF27: =AE27+AA27 -> -58.5259
B28: =Mg_HF!B52 -> Zn_Mg_C_HF_375 | C28: =(0.5-AV52)/(0.5-AV$63) -> 0.37500314 | D28: =Mg_HF!J52 -> 3.4151 | E28: =L52 -> 4.5476 | F28: =E28*ABS(AS52-AV52) -> 0.20811637 | G28: =E28*(ABS(MOD(AT52-AU52+2.5,1)-0.5)) -> 0.18505549 | H28: =MOD(AS52-AT52,1) -> 0.500944 | J28: =R52 -> -58.054 | K28: =R76 -> 0 | L28: =AW76 -> 0 | M28: =K28+L28 -> 0 | O28: =J28-J$21 -> 0.0213 | P28: =K28-K$21 -> 58.5259 | Q28: =L28-L$21 -> 18.9984 | R28: =M28-M$21 -> 77.5243 | T28: =Z52 -> 11.974 | U28: =V122 -> 0 | W28: =R99-R$92 -> 0 | X28: =O28-W28 -> 0.0213 | Y28: =R28+X28 -> 77.5456 | Z28: =R168-R$161 -> 0 | AA28: =Z28-P28 -> -58.5259 | AB28: =AA28+R28 -> 18.9984 | AD28: =R122+AW122 -> 0 | AE28: =AD28-AD$21 -> 0 | AF28: =AE28+AA28 -> -58.5259
B29: =Mg_HF!B53 -> Zn_Mg_C_HF_438 | C29: =(0.5-AV53)/(0.5-AV$63) -> 0.43750366 | D29: =Mg_HF!J53 -> 3.3904 | E29: =L53 -> 4.6627 | F29: =E29*ABS(AS53-AV53) -> 0.27225972 | G29: =E29*(ABS(MOD(AT53-AU53+2.5,1)-0.5)) -> 0.23883748 | H29: =MOD(AS53-AT53,1) -> 0.506101 | J29: =R53 -> -58.0626 | K29: =R77 -> 0 | L29: =AW77 -> 0 | M29: =K29+L29 -> 0 | O29: =J29-J$21 -> 0.0127 | P29: =K29-K$21 -> 58.5259 | Q29: =L29-L$21 -> 18.9984 | R29: =M29-M$21 -> 77.5243 | T29: =Z53 -> 12.16 | U29: =V123 -> 0 | W29: =R100-R$92 -> 0 | X29: =O29-W29 -> 0.0127 | Y29: =R29+X29 -> 77.537 | Z29: =R169-R$161 -> 0 | AA29: =Z29-P29 -> -58.5259 | AB29: =AA29+R29 -> 18.9984 | AD29: =R123+AW123 -> 0 | AE29: =AD29-AD$21 -> 0 | AF29: =AE29+AA29 -> -58.5259
B30: =Mg_HF!B54 -> Zn_Mg_C_HF_500 | C30: =(0.5-AV54)/(0.5-AV$63) -> 0.50000418 | D30: =Mg_HF!J54 -> 3.3694 | E30: =L54 -> 4.7648 | F30: =E30*ABS(AS54-AV54) -> 0.3290142 | G30: =E30*(ABS(MOD(AT54-AU54+2.5,1)-0.5)) -> 0.28869923 | H30: =MOD(AS54-AT54,1) -> 0.509291 | J30: =R54 -> -58.0795 | K30: =R78 -> -58.5147 | L30: =AW78 -> -18.9672 | M30: =K30+L30 -> -77.4819 | O30: =J30-J$21 -> -0.0042 | P30: =K30-K$21 -> 0.0112 | Q30: =L30-L$21 -> 0.0312 | R30: =M30-M$21 -> 0.0424 | T30: =Z54 -> 12.26 | U30: =V124 -> 0 | W30: =R101-R$92 -> 0 | X30: =O30-W30 -> -0.0042 | Y30: =R30+X30 -> 0.0382 | Z30: =R170-R$161 -> 0 | AA30: =Z30-P30 -> -0.0112 | AB30: =AA30+R30 -> 0.0312 | AD30: =R124+AW124 -> 0 | AE30: =AD30-AD$21 -> 0 | AF30: =AE30+AA30 -> -0.0112
B31: =Mg_HF!B55 -> Zn_Mg_C_HF_563 | C31: =(0.5-AV55)/(0.5-AV$63) -> 0.56250471 | D31: =Mg_HF!J55 -> 3.3528 | E31: =L55 -> 4.844 | F31: =E31*ABS(AS55-AV55) -> 0.37593315 | G31: =E31*(ABS(MOD(AT55-AU55+2.5,1)-0.5)) -> 0.33175587 | H31: =MOD(AS55-AT55,1) -> 0.510378 | J31: =R55 -> -58.1012 | K31: =R79 -> 0 | L31: =AW79 -> 0 | M31: =K31+L31 -> 0 | O31: =J31-J$21 -> -0.0259 | P31: =K31-K$21 -> 58.5259 | Q31: =L31-L$21 -> 18.9984 | R31: =M31-M$21 -> 77.5243 | T31: =Z55 -> 12.243 | U31: =V125 -> 0 | W31: =R102-R$92 -> 0 | X31: =O31-W31 -> -0.0259 | Y31: =R31+X31 -> 77.4984 | Z31: =R171-R$161 -> 0 | AA31: =Z31-P31 -> -58.5259 | AB31: =AA31+R31 -> 18.9984 | AD31: =R125+AW125 -> 0 | AE31: =AD31-AD$21 -> 0 | AF31: =AE31+AA31 -> -58.5259
B32: =Mg_HF!B56 -> Zn_Mg_C_HF_625 | C32: =(0.5-AV56)/(0.5-AV$63) -> 0.62500523 | D32: =Mg_HF!J56 -> 3.3387 | E32: =L56 -> 4.9074 | F32: =E32*ABS(AS56-AV56) -> 0.41707502 | G32: =E32*(ABS(MOD(AT56-AU56+2.5,1)-0.5)) -> 0.37038111 | H32: =MOD(AS56-AT56,1) -> 0.510289 | J32: =R56 -> -58.1255 | K32: =R80 -> 0 | L32: =AW80 -> 0 | M32: =K32+L32 -> 0 | O32: =J32-J$21 -> -0.0502 | P32: =K32-K$21 -> 58.5259 | Q32: =L32-L$21 -> 18.9984 | R32: =M32-M$21 -> 77.5243 | T32: =Z56 -> 12.212 | U32: =V126 -> 0 | W32: =R103-R$92 -> 0 | X32: =O32-W32 -> -0.0502 | Y32: =R32+X32 -> 77.4741 | Z32: =R172-R$161 -> 0 | AA32: =Z32-P32 -> -58.5259 | AB32: =AA32+R32 -> 18.9984 | AD32: =R126+AW126 -> 0 | AE32: =AD32-AD$21 -> 0 | AF32: =AE32+AA32 -> -58.5259
B33: =Mg_HF!B57 -> Zn_Mg_C_HF_688 | C33: =(0.5-AV57)/(0.5-AV$63) -> 0.68750575 | D33: =Mg_HF!J57 -> 3.326 | E33: =L57 -> 4.9612 | F33: =E33*ABS(AS57-AV57) -> 0.45490235 | G33: =E33*(ABS(MOD(AT57-AU57+2.5,1)-0.5)) -> 0.40626275 | H33: =MOD(AS57-AT57,1) -> 0.509522 | J33: =R57 -> -58.1501 | K33: =R81 -> 0 | L33: =AW81 -> 0 | M33: =K33+L33 -> 0 | O33: =J33-J$21 -> -0.0748 | P33: =K33-K$21 -> 58.5259 | Q33: =L33-L$21 -> 18.9984 | R33: =M33-M$21 -> 77.5243 | T33: =Z57 -> 12.191 | U33: =V127 -> 0 | W33: =R104-R$92 -> 0 | X33: =O33-W33 -> -0.0748 | Y33: =R33+X33 -> 77.4495 | Z33: =R173-R$161 -> 0 | AA33: =Z33-P33 -> -58.5259 | AB33: =AA33+R33 -> 18.9984 | AD33: =R127+AW127 -> 0 | AE33: =AD33-AD$21 -> 0 | AF33: =AE33+AA33 -> -58.5259
B34: =Mg_HF!B58 -> Zn_Mg_C_HF_750 | C34: =(0.5-AV58)/(0.5-AV$63) -> 0.74999791 | D34: =Mg_HF!J58 -> 3.314 | E34: =L58 -> 5.009 | F34: =E34*ABS(AS58-AV58) -> 0.49095714 | G34: =E34*(ABS(MOD(AT58-AU58+2.5,1)-0.5)) -> 0.44044137 | H34: =MOD(AS58-AT58,1) -> 0.508376 | J34: =R58 -> -58.1738 | K34: =R82 -> 0 | L34: =AW82 -> 0 | M34: =K34+L34 -> 0 | O34: =J34-J$21 -> -0.0985 | P34: =K34-K$21 -> 58.5259 | Q34: =L34-L$21 -> 18.9984 | R34: =M34-M$21 -> 77.5243 | T34: =Z58 -> 12.179 | U34: =V128 -> 0 | W34: =R105-R$92 -> 0 | X34: =O34-W34 -> -0.0985 | Y34: =R34+X34 -> 77.4258 | Z34: =R174-R$161 -> 0 | AA34: =Z34-P34 -> -58.5259 | AB34: =AA34+R34 -> 18.9984 | AD34: =R128+AW128 -> 0 | AE34: =AD34-AD$21 -> 0 | AF34: =AE34+AA34 -> -58.5259
B35: =Mg_HF!B59 -> Zn_Mg_C_HF_813 | C35: =(0.5-AV59)/(0.5-AV$63) -> 0.81249843 | D35: =Mg_HF!J59 -> 3.3026 | E35: =L59 -> 5.053 | F35: =E35*ABS(AS59-AV59) -> 0.52564843 | G35: =E35*(ABS(MOD(AT59-AU59+2.5,1)-0.5)) -> 0.47339536 | H35: =MOD(AS59-AT59,1) -> 0.506918 | J35: =R59 -> -58.195 | K35: =R83 -> 0 | L35: =AW83 -> 0 | M35: =K35+L35 -> 0 | O35: =J35-J$21 -> -0.1197 | P35: =K35-K$21 -> 58.5259 | Q35: =L35-L$21 -> 18.9984 | R35: =M35-M$21 -> 77.5243 | T35: =Z59 -> 12.174 | U35: =V129 -> 0 | W35: =R106-R$92 -> 0 | X35: =O35-W35 -> -0.1197 | Y35: =R35+X35 -> 77.4046 | Z35: =R175-R$161 -> 0 | AA35: =Z35-P35 -> -58.5259 | AB35: =AA35+R35 -> 18.9984 | AD35: =R129+AW129 -> 0 | AE35: =AD35-AD$21 -> 0 | AF35: =AE35+AA35 -> -58.5259
B36: =Mg_HF!B60 -> Zn_Mg_C_HF_875 | C36: =(0.5-AV60)/(0.5-AV$63) -> 0.87499895 | D36: =Mg_HF!J60 -> 3.2912 | E36: =L60 -> 5.0943 | F36: =E36*ABS(AS60-AV60) -> 0.55967508 | G36: =E36*(ABS(MOD(AT60-AU60+2.5,1)-0.5)) -> 0.50557871 | H36: =MOD(AS60-AT60,1) -> 0.505284 | J36: =R60 -> -58.2122 | K36: =R84 -> 0 | L36: =AW84 -> 0 | M36: =K36+L36 -> 0 | O36: =J36-J$21 -> -0.1369 | P36: =K36-K$21 -> 58.5259 | Q36: =L36-L$21 -> 18.9984 | R36: =M36-M$21 -> 77.5243 | T36: =Z60 -> 12.173 | U36: =V130 -> 0 | W36: =R107-R$92 -> 0 | X36: =O36-W36 -> -0.1369 | Y36: =R36+X36 -> 77.3874 | Z36: =R176-R$161 -> 0 | AA36: =Z36-P36 -> -58.5259 | AB36: =AA36+R36 -> 18.9984 | AD36: =R130+AW130 -> 0 | AE36: =AD36-AD$21 -> 0 | AF36: =AE36+AA36 -> -58.5259
B37: =Mg_HF!B61 -> Zn_Mg_C_HF_938 | C37: =(0.5-AV61)/(0.5-AV$63) -> 0.93749948 | D37: =Mg_HF!J61 -> 3.2801 | E37: =L61 -> 5.1338 | F37: =E37*ABS(AS61-AV61) -> 0.59322086 | G37: =E37*(ABS(MOD(AT61-AU61+2.5,1)-0.5)) -> 0.53707249 | H37: =MOD(AS61-AT61,1) -> 0.503503 | J37: =R61 -> -58.2237 | K37: =R85 -> 0 | L37: =AW85 -> 0 | M37: =K37+L37 -> 0 | O37: =J37-J$21 -> -0.1484 | P37: =K37-K$21 -> 58.5259 | Q37: =L37-L$21 -> 18.9984 | R37: =M37-M$21 -> 77.5243 | T37: =Z61 -> 12.176 | U37: =V131 -> 0 | W37: =R108-R$92 -> 0 | X37: =O37-W37 -> -0.1484 | Y37: =R37+X37 -> 77.3759 | Z37: =R177-R$161 -> 0 | AA37: =Z37-P37 -> -58.5259 | AB37: =AA37+R37 -> 18.9984 | AD37: =R131+AW131 -> 0 | AE37: =AD37-AD$21 -> 0 | AF37: =AE37+AA37 -> -58.5259
B38: =Mg_HF!B62 -> Zn_Mg_C_HF_969 | C38: =(0.5-AV62)/(0.5-AV$63) -> 0.96874974 | D38: =Mg_HF!J62 -> 3.2745 | E38: =L62 -> 5.1531 | F38: =E38*ABS(AS62-AV62) -> 0.60989515 | G38: =E38*(ABS(MOD(AT62-AU62+2.5,1)-0.5)) -> 0.55275758 | H38: =MOD(AS62-AT62,1) -> 0.502571 | J38: =R62 -> -58.2269 | K38: =R86 -> 0 | L38: =AW86 -> 0 | M38: =K38+L38 -> 0 | O38: =J38-J$21 -> -0.1516 | P38: =K38-K$21 -> 58.5259 | Q38: =L38-L$21 -> 18.9984 | R38: =M38-M$21 -> 77.5243 | T38: =Z62 -> 12.179 | U38: =V132 -> 0 | W38: =R109-R$92 -> 0 | X38: =O38-W38 -> -0.1516 | Y38: =R38+X38 -> 77.3727 | Z38: =R178-R$161 -> 0 | AA38: =Z38-P38 -> -58.5259 | AB38: =AA38+R38 -> 18.9984 | AD38: =R132+AW132 -> 0 | AE38: =AD38-AD$21 -> 0 | AF38: =AE38+AA38 -> -58.5259
A39: A | B39: =Mg_HF!B63 -> Zn_Mg_C_HF_999 | C39: =(0.5-AV63)/(0.5-AV$63) -> 1 | D39: =Mg_HF!J63 -> 3.269 | E39: =L63 -> 5.1724 | F39: =E39*ABS(AS63-AV63) -> 0.62662592 | G39: =E39*(ABS(MOD(AT63-AU63+2.5,1)-0.5)) -> 0.56828124 | H39: =MOD(AS63-AT63,1) -> 0.501629 | J39: =R63 -> -58.228 | K39: =R87 -> -58.6409 | L39: =AW87 -> -18.8986 | M39: =K39+L39 -> -77.5395 | O39: =J39-J$21 -> -0.1527 | P39: =K39-K$21 -> -0.115 | Q39: =L39-L$21 -> 0.0998 | R39: =M39-M$21 -> -0.0152 | T39: =Z63 -> 12.181 | U39: =V133 -> 0 | W39: =R110-R$92 -> 0 | X39: =O39-W39 -> -0.1527 | Y39: =R39+X39 -> -0.1679 | Z39: =R179-R$161 -> 0 | AA39: =Z39-P39 -> 0.115 | AB39: =AA39+R39 -> 0.0998 | AD39: =R133+AW133 -> 0 | AE39: =AD39-AD$21 -> 0 | AF39: =AE39+AA39 -> 0.115 | AH39: =R156+AW156 -> 0 | AI39: =AH39-AH$21 -> 0
A40: V | B40: =Mg_HF!B64 -> Zn_Mg_C_HF_ver | C40: =(0.5-AV64)/(0.5-AV$63) -> 0 | D40: =Mg_HF!J64 -> 3.269 | E40: =L64 -> 5.1724 | F40: =E40*ABS(AS64-AV64) -> 0 | G40: =E40*(ABS(MOD(AT64-AU64+2.5,1)-0.5)) -> 0 | H40: =MOD(AS64-AT64,1) -> 0.5 | J40: =R64 -> -57.6147 | K40: =R88 -> 0 | L40: =AW88 -> 0 | M40: =K40+L40 -> 0 | O40: =J40-J$21 -> 0.4606 | P40: =K40-K$21 -> 58.5259 | Q40: =L40-L$21 -> 18.9984 | R40: =M40-M$21 -> 77.5243 | T40: =Z64 -> 12.147 | U40: =V134 -> 0 | W40: =R111-R$92 -> 0 | X40: =O40-W40 -> 0.4606 | Y40: =R40+X40 -> 77.9849 | Z40: =R180-R$161 -> 0 | AA40: =Z40-P40 -> -58.5259 | AB40: =AA40+R40 -> 18.9984 | AD40: =R134+AW134 -> 0 | AE40: =AD40-AD$21 -> 0 | AF40: =AE40+AA40 -> -58.5259
A41: DFT calcs ENCUT=520 KPOINTS=6x6x4
B42: material | C42: atoms | D42: ENCUT | E42: KSPACING | F42: KPOINTS | I42: R_WS | J42: axis vector lengths | M42: volume | N42: NELECT | O42: NBANDS | P42: SCF steps | Q42: Geo opt steps | R42: Energy | S42: spin up bandgap | W42: spin down bandgap | AA42: max |Force| | AB42: max |drift| | AC42: Pressure | AD42: Pulay st. | AE42: DFT alpha HOMO k | AH42: DFT alpha LUMO k | AK42: DFT beta HOMO k | AN42: DFT beta LUMO k | AQ42: cpu time | AR42: memory | AS42: c_z fractional coords
F43: a | G43: b | H43: c | J43: a | K43: b | L43: c | S43: type | T43: HOMO | U43: LUMO | V43: GAP | W43: type | X43: HOMO | Y43: LUMO | Z43: GAP | AA43: eV/Ang | AB43: eV/Ang | AC43: kbar | AD43: kbar | AE43: a | AF43: b | AG43: c | AH43: a | AI43: b | AJ43: c | AK43: a | AL43: b | AM43: c | AN43: a | AO43: b | AP43: c | AQ43: (h) | AR43: (GB) | AS43: Zn | AT43: Mg | AU43: O | AV43: O
B44: 2 | C44: 3 | D44: 4 | E44: 5 | F44: 6 | G44: 7 | H44: 8 | I44: 9 | J44: 10 | K44: 11 | L44: 12 | M44: 13 | N44: 14 | O44: 15 | P44: 16 | Q44: 17 | R44: 18 | S44: 19 | T44: 20 | U44: 21 | V44: 22 | W44: 23 | X44: 24 | Y44: 25 | Z44: 26 | AA44: 27 | AB44: 28 | AC44: 29 | AD44: 30 | AE44: 31 | AF44: 32 | AG44: 33 | AH44: 34 | AI44: 35 | AJ44: 36 | AK44: 37 | AL44: 38 | AM44: 39 | AN44: 40 | AO44: 41 | AP44: 42 | AQ44: 43 | AR44: 44 | AS44: 45 | AT44: 46 | AU44: 47 | AV44: 48
B45: Zn_Mg_C_HF_000 | C45: 4 | D45: 520 | E45: 0 | F45: 6 | G45: 6 | H45: 4 | I45: 21.4 | J45: 3.4735 | K45: 3.4735 | L45: 4.3132 | M45: 45.067 | N45: 26 | O45: 26 | P45: 25 | Q45: 1 | R45: -58.0753 | S45: I | T45: -2.456 | U45: 9.203 | V45: 11.659 | W45: I | X45: -2.456 | Y45: 9.203 | Z45: 11.659 | AA45: 0 | AB45: 0.0001 | AC45: ? | AD45: ? | AE45: 0.33333 | AF45: 0.33333 | AG45: 0.5 | AH45: 0 | AI45: 0 | AJ45: 0 | AK45: 0.33333 | AL45: 0.33333 | AM45: 0.5 | AN45: 0 | AO45: 0 | AP45: 0 | AQ45: 0.099 | AR45: 0.323 | AS45: 0.5 | AT45: 0 | AU45: 0 | AV45: 0.5
B46: Zn_Mg_C_HF_031 | C46: 4 | D46: 520 | E46: 0 | F46: 6 | G46: 6 | H46: 4 | I46: 21.4 | J46: 3.4733 | K46: 3.4733 | L46: 4.3144 | M46: 45.075 | N46: 26 | O46: 26 | P46: 25 | Q46: 1 | R46: -58.075 | S46: I | T46: -2.459 | U46: 9.201 | V46: 11.66 | W46: I | X46: -2.459 | Y46: 9.201 | Z46: 11.66 | AA46: 0.0402 | AB46: 0.0005 | AC46: ? | AD46: ? | AE46: 0.33333 | AF46: 0.33333 | AG46: 0.5 | AH46: 0 | AI46: 0 | AJ46: 0 | AK46: 0.33333 | AL46: 0.33333 | AM46: 0.5 | AN46: 0 | AO46: 0 | AP46: 0 | AQ46: 0.1 | AR46: 0.324 | AS46: 0.499041 | AT46: 0 | AU46: 0.997288 | AV46: 0.496265
B47: Zn_Mg_C_HF_063 | C47: 4 | D47: 520 | E47: 0 | F47: 6 | G47: 6 | H47: 4 | I47: 21.4 | J47: 3.4723 | K47: 3.4723 | L47: 4.3179 | M47: 45.087 | N47: 26 | O47: 26 | P47: 26 | Q47: 1 | R47: -58.074 | S47: I | T47: -2.466 | U47: 9.198 | V47: 11.663 | W47: I | X47: -2.466 | Y47: 9.198 | Z47: 11.663 | AA47: 0.0795 | AB47: 0.0012 | AC47: ? | AD47: ? | AE47: 0.33333 | AF47: 0.33333 | AG47: 0.5 | AH47: 0 | AI47: 0 | AJ47: 0 | AK47: 0.33333 | AL47: 0.33333 | AM47: 0.5 | AN47: 0 | AO47: 0 | AP47: 0 | AQ47: 0.106 | AR47: 0.325 | AS47: 0.498112 | AT47: 0 | AU47: 0.99459 | AV47: 0.49253
B48: Zn_Mg_C_HF_125 | C48: 4 | D48: 520 | E48: 0 | F48: 6 | G48: 6 | H48: 4 | I48: 21.4 | J48: 3.4686 | K48: 3.4686 | L48: 4.332 | M48: 45.135 | N48: 26 | O48: 26 | P48: 25 | Q48: 1 | R48: -58.0704 | S48: I | T48: -2.495 | U48: 9.183 | V48: 11.679 | W48: I | X48: -2.495 | Y48: 9.183 | Z48: 11.679 | AA48: 0.146 | AB48: 0.0005 | AC48: ? | AD48: ? | AE48: 0.33333 | AF48: 0.33333 | AG48: 0.5 | AH48: 0 | AI48: 0 | AJ48: 0 | AK48: 0.33333 | AL48: 0.33333 | AM48: 0.5 | AN48: 0 | AO48: 0 | AP48: 0 | AQ48: 0.101 | AR48: 0.325 | AS48: 0.496437 | AT48: 0 | AU48: 0.988998 | AV48: 0.48506
B49: Zn_Mg_C_HF_188 | C49: 4 | D49: 520 | E49: 0 | F49: 6 | G49: 6 | H49: 4 | I49: 21.4 | J49: 3.4618 | K49: 3.4618 | L49: 4.3566 | M49: 45.215 | N49: 26 | O49: 26 | P49: 25 | Q49: 1 | R49: -58.0649 | S49: I | T49: -2.547 | U49: 9.161 | V49: 11.707 | W49: I | X49: -2.547 | Y49: 9.161 | Z49: 11.707 | AA49: 0.188 | AB49: 0.0006 | AC49: ? | AD49: ? | AE49: 0.33333 | AF49: 0.33333 | AG49: 0.5 | AH49: 0 | AI49: 0 | AJ49: 0 | AK49: 0.33333 | AL49: 0.33333 | AM49: 0.5 | AN49: 0 | AO49: 0 | AP49: 0 | AQ49: 0.101 | AR49: 0.324 | AS49: 0.49523 | AT49: 0 | AU49: 0.983134 | AV49: 0.47759
B50: Zn_Mg_C_HF_250 | C50: 4 | D50: 520 | E50: 0 | F50: 6 | G50: 6 | H50: 4 | I50: 21.4 | J50: 3.4517 | K50: 3.4517 | L50: 4.3953 | M50: 45.349 | N50: 26 | O50: 26 | P50: 25 | Q50: 1 | R50: -58.0589 | S50: I | T50: -2.631 | U50: 9.124 | V50: 11.755 | W50: I | X50: -2.631 | Y50: 9.124 | Z50: 11.755 | AA50: 0.1833 | AB50: 0.0004 | AC50: ? | AD50: ? | AE50: 0.33333 | AF50: 0.33333 | AG50: 0.5 | AH50: 0 | AI50: 0 | AJ50: 0 | AK50: 0.33333 | AL50: 0.33333 | AM50: 0.5 | AN50: 0 | AO50: 0 | AP50: 0 | AQ50: 0.1 | AR50: 0.327 | AS50: 0.495085 | AT50: 0 | AU50: 0.976599 | AV50: 0.47012
B51: Zn_Mg_C_HF_313 | C51: 4 | D51: 520 | E51: 0 | F51: 6 | G51: 6 | H51: 4 | I51: 21.4 | J51: 3.4368 | K51: 3.4368 | L51: 4.4545 | M51: 45.566 | N51: 26 | O51: 26 | P51: 2 | Q51: 3 | R51: -58.0541 | S51: I | T51: -2.767 | U51: 9.067 | V51: 11.835 | W51: I | X51: -2.767 | Y51: 9.067 | Z51: 11.835 | AA51: 0.1001 | AB51: 0.0003 | AC51: ? | AD51: ? | AE51: 0.33333 | AF51: 0.33333 | AG51: 0.5 | AH51: 0 | AI51: 0 | AJ51: 0 | AK51: 0.33333 | AL51: 0.33333 | AM51: 0.5 | AN51: 0 | AO51: 0 | AP51: 0 | AQ51: 0.141 | AR51: 0.319 | AS51: 0.496632 | AT51: 0 | AU51: 0.968933 | AV51: 0.46265
B52: Zn_Mg_C_HF_375 | C52: 4 | D52: 520 | E52: 0 | F52: 6 | G52: 6 | H52: 4 | I52: 21.5 | J52: 3.4151 | K52: 3.4151 | L52: 4.5476 | M52: 45.931 | N52: 26 | O52: 26 | P52: 4 | Q52: 2 | R52: -58.054 | S52: I | T52: -2.995 | U52: 8.98 | V52: 11.974 | W52: I | X52: -2.995 | Y52: 8.98 | Z52: 11.974 | AA52: 0.1068 | AB52: 0.0011 | AC52: ? | AD52: ? | AE52: 0.33333 | AF52: 0.33333 | AG52: 0.5 | AH52: 0 | AI52: 0 | AJ52: 0 | AK52: 0.33333 | AL52: 0.33333 | AM52: 0.5 | AN52: 0 | AO52: 0 | AP52: 0 | AQ52: 0.129 | AR52: 0.333 | AS52: 0.500944 | AT52: 0 | AU52: 0.959307 | AV52: 0.45518
B53: Zn_Mg_C_HF_438 | C53: 4 | D53: 520 | E53: 0 | F53: 6 | G53: 6 | H53: 4 | I53: 21.6 | J53: 3.3904 | K53: 3.3904 | L53: 4.6627 | M53: 46.415 | N53: 26 | O53: 26 | P53: 26 | Q53: 1 | R53: -58.0626 | S53: I | T53: -3.288 | U53: 8.872 | V53: 12.16 | W53: I | X53: -3.288 | Y53: 8.872 | Z53: 12.16 | AA53: 0.3639 | AB53: 0.0002 | AC53: ? | AD53: ? | AE53: 0.33333 | AF53: 0.33333 | AG53: 0.5 | AH53: 0 | AI53: 0 | AJ53: 0 | AK53: 0.33333 | AL53: 0.33333 | AM53: 0.5 | AN53: 0 | AO53: 0 | AP53: 0 | AQ53: 0.104 | AR53: 0.326 | AS53: 0.506101 | AT53: 0 | AU53: 0.948777 | AV53: 0.44771
B54: Zn_Mg_C_HF_500 | C54: 4 | D54: 520 | E54: 0 | F54: 6 | G54: 6 | H54: 4 | I54: 21.6 | J54: 3.3694 | K54: 3.3694 | L54: 4.7648 | M54: 46.846 | N54: 26 | O54: 26 | P54: 25 | Q54: 1 | R54: -58.0795 | S54: D | T54: -3.479 | U54: 8.78 | V54: 12.26 | W54: D | X54: -3.479 | Y54: 8.78 | Z54: 12.26 | AA54: 0.5464 | AB54: 0.001 | AC54: ? | AD54: ? | AE54: 0 | AF54: 0 | AG54: 0 | AH54: 0 | AI54: 0 | AJ54: 0 | AK54: 0 | AL54: 0 | AM54: 0 | AN54: 0 | AO54: 0 | AP54: 0 | AQ54: 0.099 | AR54: 0.327 | AS54: 0.509291 | AT54: 0 | AU54: 0.93941 | AV54: 0.44024
B55: Zn_Mg_C_HF_563 | C55: 4 | D55: 520 | E55: 0 | F55: 6 | G55: 6 | H55: 4 | I55: 21.7 | J55: 3.3528 | K55: 3.3528 | L55: 4.844 | M55: 47.157 | N55: 26 | O55: 26 | P55: 25 | Q55: 1 | R55: -58.1012 | S55: D | T55: -3.528 | U55: 8.715 | V55: 12.243 | W55: D | X55: -3.528 | Y55: 8.715 | Z55: 12.243 | AA55: 0.6389 | AB55: 0.0002 | AC55: ? | AD55: ? | AE55: 0 | AF55: 0 | AG55: 0 | AH55: 0 | AI55: 0 | AJ55: 0 | AK55: 0 | AL55: 0 | AM55: 0 | AN55: 0 | AO55: 0 | AP55: 0 | AQ55: 0.098 | AR55: 0.325 | AS55: 0.510378 | AT55: 0 | AU55: 0.931512 | AV55: 0.43277
B56: Zn_Mg_C_HF_625 | C56: 4 | D56: 520 | E56: 0 | F56: 6 | G56: 6 | H56: 4 | I56: 21.7 | J56: 3.3387 | K56: 3.3387 | L56: 4.9074 | M56: 47.373 | N56: 26 | O56: 26 | P56: 25 | Q56: 1 | R56: -58.1255 | S56: D | T56: -3.542 | U56: 8.67 | V56: 12.212 | W56: D | X56: -3.542 | Y56: 8.67 | Z56: 12.212 | AA56: 0.6704 | AB56: 0.0004 | AC56: ? | AD56: ? | AE56: 0 | AF56: 0 | AG56: 0 | AH56: 0 | AI56: 0 | AJ56: 0 | AK56: 0 | AL56: 0 | AM56: 0 | AN56: 0 | AO56: 0 | AP56: 0 | AQ56: 0.098 | AR56: 0.325 | AS56: 0.510289 | AT56: 0 | AU56: 0.924526 | AV56: 0.4253
... B64: Zn_Mg_C_HF_ver | C64: 4 | D64: 520 | E64: 0 | F64: 6 | G64: 6 | H64: 4 | I64: 21.8 | J64: 3.269 | K64: 3.269 | L64: 5.1724 | M64: 47.87 | N64: 26 | O64: 26 | P64: 27 | Q64: 1 | R64: -57.6147 | S64: D | T64: -3.594 | U64: 8.553 | V64: 12.147 | W64: D | X64: -3.594 | Y64: 8.553 | Z64: 12.147 | AA64: 0 | AB64: 0 | AC64: ? | AD64: ? | AE64: 0 | AF64: 0 | AG64: 0 | AH64: 0 | AI64: 0 | AJ64: 0 | AK64: 0 | AL64: 0 | AM64: 0 | AN64: 0 | AO64: 0 | AP64: 0 | AQ64: 0.114 | AR64: 0.319 | AS64: 0.5 | AT64: 0 | AU64: 0 | AV64: 0.5
A65: MP2 calcs ENCUT=400 KPOINTS=3x3x2
B66: material | C66: atoms | D66: ENCUT | E66: KSPACING | F66: KPOINTS | I66: R_WS | J66: axis vector lengths | M66: volume | N66: NELECT | O66: NBANDS | P66: SCF steps | Q66: Geo opt steps | R66: Energy | S66: spin up bandgap | W66: spin down bandgap | AA66: max |Force| | AB66: max |drift| | AC66: Pressure | AD66: Pulay st. | AE66: DFT alpha HOMO k | AH66: DFT alpha LUMO k | AK66: DFT beta HOMO k | AN66: DFT beta LUMO k | AQ66: cpu time | AR66: memory | AS66: c_z fractional coords | AW66: E_MP2
F67: a | G67: b | H67: c | J67: a | K67: b | L67: c | S67: type | T67: HOMO | U67: LUMO | V67: GAP | W67: type | X67: HOMO | Y67: LUMO | Z67: GAP | AA67: eV/Ang | AB67: eV/Ang | AC67: kbar | AD67: kbar | AE67: a | AF67: b | AG67: c | AH67: a | AI67: b | AJ67: c | AK67: a | AL67: b | AM67: c | AN67: a | AO67: b | AP67: c | AQ67: (h) | AR67: (GB) | AS67: Zn | AT67: Mg | AU67: O | AV67: O
B68: 2 | C68: 3 | D68: 4 | E68: 5 | F68: 6 | G68: 7 | H68: 8 | I68: 9 | J68: 10 | K68: 11 | L68: 12 | M68: 13 | N68: 14 | O68: 15 | P68: 16 | Q68: 17 | R68: 18 | S68: 19 | T68: 20 | U68: 21 | V68: 22 | W68: 23 | X68: 24 | Y68: 25 | Z68: 26 | AA68: 27 | AB68: 28 | AC68: 29 | AD68: 30 | AE68: 31 | AF68: 32 | AG68: 33 | AH68: 34 | AI68: 35 | AJ68: 36 | AK68: 37 | AL68: 38 | AM68: 39 | AN68: 40 | AO68: 41 | AP68: 42 | AQ68: 43 | AR68: 44 | AS68: 45 | AT68: 46 | AU68: 47 | AV68: 48 | AW68: 49
B69: Zn_Mg_C_HF_atHF_000 | C69: 4 | D69: 400 | E69: 0 | F69: 3 | G69: 3 | H69: 2 | I69: 10.7 | J69: 3.4735 | K69: 3.4735 | L69: 4.3132 | M69: 45.067 | N69: 26 | O69: 816 | P69: 1 | Q69: 1 | R69: -58.5259 | S69: I | T69: -2.552 | U69: 9.31 | V69: 11.862 | W69: I | X69: -2.552 | Y69: 9.31 | Z69: 11.862 | AA69: 0 | AB69: 0.0001 | AC69: ? | AD69: ? | AE69: 0.33333 | AF69: 0.33333 | AG69: 0.5 | AH69: 0 | AI69: 0 | AJ69: 0 | AK69: 0.33333 | AL69: 0.33333 | AM69: 0.5 | AN69: 0 | AO69: 0 | AP69: 0 | AQ69: 0.01 | AR69: 0.305 | AS69: 0.5 | AT69: 0 | AU69: 0 | AV69: 0.5 | AW69: -18.9984
B78: Zn_Mg_C_HF_atHF_500 | C78: 4 | D78: 400 | E78: 0 | F78: 3 | G78: 3 | H78: 2 | I78: 10.8 | J78: 3.3694 | K78: 3.3694 | L78: 4.7648 | M78: 46.846 | N78: 26 | O78: 816 | P78: 1 | Q78: 1 | R78: -58.5147 | S78: D | T78: -3.424 | U78: 8.896 | V78: 12.32 | W78: D | X78: -3.424 | Y78: 8.896 | Z78: 12.32 | AA78: 0.5481 | AB78: 0.0354 | AC78: ? | AD78: ? | AE78: 0 | AF78: 0 | AG78: 0 | AH78: 0 | AI78: 0 | AJ78: 0 | AK78: 0 | AL78: 0 | AM78: 0 | AN78: 0 | AO78: 0 | AP78: 0 | AQ78: 0.01 | AR78: 0.311 | AS78: 0.509291 | AT78: 0 | AU78: 0.93941 | AV78: 0.44024 | AW78: -18.9672
B87: Zn_Mg_C_HF_atHF_999 | C87: 4 | D87: 400 | E87: 0 | F87: 3 | G87: 3 | H87: 2 | I87: 10.9 | J87: 3.269 | K87: 3.269 | L87: 5.1724 | M87: 47.87 | N87: 26 | O87: 816 | P87: 1 | Q87: 1 | R87: -58.6409 | S87: D | T87: -3.638 | U87: 8.65 | V87: 12.288 | W87: D | X87: -3.638 | Y87: 8.65 | Z87: 12.288 | AA87: 0.0189 | AB87: 0.0234 | AC87: ? | AD87: ? | AE87: 0 | AF87: 0 | AG87: 0 | AH87: 0 | AI87: 0 | AJ87: 0 | AK87: 0 | AL87: 0 | AM87: 0 | AN87: 0 | AO87: 0 | AP87: 0 | AQ87: 0.009 | AR87: 0.304 | AS87: 0.501629 | AT87: 0 | AU87: 0.890132 | AV87: 0.380481 | AW87: -18.8986
A88: DFT calcs ENCUT=520 KPOINTS=3x3x2
B89: material | C89: atoms | D89: ENCUT | E89: KSPACING | F89: KPOINTS | I89: R_WS | J89: axis vector lengths | M89: volume | N89: NELECT | O89: NBANDS | P89: SCF steps | Q89: Geo opt steps | R89: Energy | S89: spin up bandgap | W89: spin down bandgap | AA89: max |Force| | AB89: max |drift| | AC89: Pressure | AD89: Pulay st. | AE89: DFT alpha HOMO k | AH89: DFT alpha LUMO k | AK89: DFT beta HOMO k | AN89: DFT beta LUMO k | AQ89: cpu time | AR89: memory | AS89: c_z fractional coords
F90: a | G90: b | H90: c | J90: a | K90: b | L90: c | S90: type | T90: HOMO | U90: LUMO | V90: GAP | W90: type | X90: HOMO | Y90: LUMO | Z90: GAP | AA90: eV/Ang | AB90: eV/Ang | AC90: kbar | AD90: kbar | AE90: a | AF90: b | AG90: c | AH90: a | AI90: b | AJ90: c | AK90: a | AL90: b | AM90: c | AN90: a | AO90: b | AP90: c | AQ90: (h) | AR90: (GB) | AS90: Zn | AT90: Mg | AU90: O | AV90: O
B91: 2 | C91: 3 | D91: 4 | E91: 5 | F91: 6 | G91: 7 | H91: 8 | I91: 9 | J91: 10 | K91: 11 | L91: 12 | M91: 13 | N91: 14 | O91: 15 | P91: 16 | Q91: 17 | R91: 18 | S91: 19 | T91: 20 | U91: 21 | V91: 22 | W91: 23 | X91: 24 | Y91: 25 | Z91: 26 | AA91: 27 | AB91: 28 | AC91: 29 | AD91: 30 | AE91: 31 | AF91: 32 | AG91: 33 | AH91: 34 | AI91: 35 | AJ91: 36 | AK91: 37 | AL91: 38 | AM91: 39 | AN91: 40 | AO91: 41 | AP91: 42 | AQ91: 43 | AR91: 44 | AS91: 45 | AT91: 46 | AU91: 47 | AV91: 48
A111: MP2 calcs ENCUT=520 KPOINTS=3x3x2
B112: material | C112: atoms | D112: ENCUT | E112: KSPACING | F112: KPOINTS | I112: R_WS | J112: axis vector lengths | M112: volume | N112: NELECT | O112: NBANDS | P112: SCF steps | Q112: Geo opt steps | R112: Energy | S112: spin up bandgap | W112: spin down bandgap | AA112: max |Force| | AB112: max |drift| | AC112: Pressure | AD112: Pulay st. | AE112: DFT alpha HOMO k | AH112: DFT alpha LUMO k | AK112: DFT beta HOMO k | AN112: DFT beta LUMO k | AQ112: cpu time | AR112: memory | AS112: c_z fractional coords | AW112: E_MP2
F113: a | G113: b | H113: c | J113: a | K113: b | L113: c | S113: type | T113: HOMO | U113: LUMO | V113: GAP | W113: type | X113: HOMO | Y113: LUMO | Z113: GAP | AA113: eV/Ang | AB113: eV/Ang | AC113: kbar | AD113: kbar | AE113: a | AF113: b | AG113: c | AH113: a | AI113: b | AJ113: c | AK113: a | AL113: b | AM113: c | AN113: a | AO113: b | AP113: c | AQ113: (h) | AR113: (GB) | AS113: Zn | AT113: Mg | AU113: O | AV113: O
B114: 2 | C114: 3 | D114: 4 | E114: 5 | F114: 6 | G114: 7 | H114: 8 | I114: 9 | J114: 10 | K114: 11 | L114: 12 | M114: 13 | N114: 14 | O114: 15 | P114: 16 | Q114: 17 | R114: 18 | S114: 19 | T114: 20 | U114: 21 | V114: 22 | W114: 23 | X114: 24 | Y114: 25 | Z114: 26 | AA114: 27 | AB114: 28 | AC114: 29 | AD114: 30 | AE114: 31 | AF114: 32 | AG114: 33 | AH114: 34 | AI114: 35 | AJ114: 36 | AK114: 37 | AL114: 38 | AM114: 39 | AN114: 40 | AO114: 41 | AP114: 42 | AQ114: 43 | AR114: 44 | AS114: 45 | AT114: 46 | AU114: 47 | AV114: 48 | AW114: 49
A134: MP2 calcs ENCUT=520 KPOINTS=4x4x3
B135: material | C135: atoms | D135: ENCUT | E135: KSPACING | F135: KPOINTS | I135: R_WS | J135: axis vector lengths | M135: volume | N135: NELECT | O135: NBANDS | P135: SCF steps | Q135: Geo opt steps | R135: Energy | S135: spin up bandgap | W135: spin down bandgap | AA135: max |Force| | AB135: max |drift| | AC135: Pressure | AD135: Pulay st. | AE135: DFT alpha HOMO k | AH135: DFT alpha LUMO k | AK135: DFT beta HOMO k | AN135: DFT beta LUMO k | AQ135: cpu time | AR135: memory | AS135: c_z fractional coords | AW135: E_MP2
F136: a | G136: b | H136: c | J136: a | K136: b | L136: c | S136: type | T136: HOMO | U136: LUMO | V136: GAP | W136: type | X136: HOMO | Y136: LUMO | Z136: GAP | AA136: eV/Ang | AB136: eV/Ang | AC136: kbar | AD136: kbar | AE136: a | AF136: b | AG136: c | AH136: a | AI136: b | AJ136: c | AK136: a | AL136: b | AM136: c | AN136: a | AO136: b | AP136: c | AQ136: (h) | AR136: (GB) | AS136: Zn | AT136: Mg | AU136: O | AV136: O
B137: 2 | C137: 3 | D137: 4 | E137: 5 | F137: 6 | G137: 7 | H137: 8 | I137: 9 | J137: 10 | K137: 11 | L137: 12 | M137: 13 | N137: 14 | O137: 15 | P137: 16 | Q137: 17 | R137: 18 | S137: 19 | T137: 20 | U137: 21 | V137: 22 | W137: 23 | X137: 24 | Y137: 25 | Z137: 26 | AA137: 27 | AB137: 28 | AC137: 29 | AD137: 30 | AE137: 31 | AF137: 32 | AG137: 33 | AH137: 34 | AI137: 35 | AJ137: 36 | AK137: 37 | AL137: 38 | AM137: 39 | AN137: 40 | AO137: 41 | AP137: 42 | AQ137: 43 | AR137: 44 | AS137: 45 | AT137: 46 | AU137: 47 | AV137: 48 | AW137: 49
A157: HF calcs ENCUT=520 KPOINTS=9x9x6
B158: material | C158: atoms | D158: ENCUT | E158: KSPACING | F158: KPOINTS | I158: R_WS | J158: axis vector lengths | M158: volume | N158: NELECT | O158: NBANDS | P158: SCF steps | Q158: Geo opt steps | R158: Energy | S158: spin up bandgap | W158: spin down bandgap | AA158: max |Force| | AB158: max |drift| | AC158: Pressure | AD158: Pulay st. | AE158: DFT alpha HOMO k | AH158: DFT alpha LUMO k | AK158: DFT beta HOMO k | AN158: DFT beta LUMO k | AQ158: cpu time | AR158: memory | AS158: c_z fractional coords | AW158: E_MP2
F159: a | G159: b | H159: c | J159: a | K159: b | L159: c | S159: type | T159: HOMO | U159: LUMO | V159: GAP | W159: type | X159: HOMO | Y159: LUMO | Z159: GAP | AA159: eV/Ang | AB159: eV/Ang | AC159: kbar | AD159: kbar | AE159: a | AF159: b | AG159: c | AH159: a | AI159: b | AJ159: c | AK159: a | AL159: b | AM159: c | AN159: a | AO159: b | AP159: c | AQ159: (h) | AR159: (GB) | AS159: Zn | AT159: Mg | AU159: O | AV159: O
B160: 2 | C160: 3 | D160: 4 | E160: 5 | F160: 6 | G160: 7 | H160: 8 | I160: 9 | J160: 10 | K160: 11 | L160: 12 | M160: 13 | N160: 14 | O160: 15 | P160: 16 | Q160: 17 | R160: 18 | S160: 19 | T160: 20 | U160: 21 | V160: 22 | W160: 23 | X160: 24 | Y160: 25 | Z160: 26 | AA160: 27 | AB160: 28 | AC160: 29 | AD160: 30 | AE160: 31 | AF160: 32 | AG160: 33 | AH160: 34 | AI160: 35 | AJ160: 36 | AK160: 37 | AL160: 38 | AM160: 39 | AN160: 40 | AO160: 41 | AP160: 42 | AQ160: 43 | AR160: 44 | AS160: 45 | AT160: 46 | AU160: 47 | AV160: 48 | AW160: 49

Sheet Mg_HSE06D3
A1: HSE06D3 | C1: calc # = | D1: =COUNT(D41:D502)-6 -> 39 | J1: VASP energies | O1: change to h-ZnMgO2 | T1: Bandgap | W1: DFT KPOINTS 664 corr to MP2 332 400 | Z1: HF KPOINTS 996 corr to MP2 332 400 | AD1: MP2 332 520 | AH1: MP2 443 520
A2: Struct | B2: file | C2: RC | D2: a | E2: c | F2: z(Zn-O) | G2: z(Mg-O) | H2: interplane ratio | J2: =A1 -> HSE06D3 | K2: HF | L2: correl | M2: MP2 332 400 | O2: =A1 -> HSE06D3 | P2: HF | Q2: correl | R2: MP2 332 400 | T2: =A1 -> HSE06D3 | U2: HF | W2: DFT@332 | X2: corr | Y2: MP2 w DFT KP corr | Z2: HF at 996 | AA2: corr | AB2: MP2 w KP corr | AD2: total | AE2: diff to C | AF2: MP2 332 520 corr | AH2: total | AI2: diff to C
A3: A' | B3: =B39 -> Zn_Mg_C_HSE06D3_999 | C3: =-C39 -> -1 | D3: =D39 -> 3.2453 | E3: =E39 -> 5.0937 | F3: =-F39 -> -0.61106063 | G3: =-G39 -> -0.54010539 | H3: =H39 -> 0.505567 | J3: =J39 -> -30.4458 | K3: =K39 -> -58.6198 | L3: =L39 -> -18.828 | M3: =M39 -> -77.4478 | O3: =O39 -> 0.0144 | P3: =P39 -> -0.1033 | Q3: =Q39 -> 0.0908 | R3: =R39 -> -0.0125 | T3: =T39 -> 3.598 | U3: =U39 -> 0 | W3: =W39 -> 0 | X3: =X39 -> 0.0144 | Y3: =R3+X3 -> 0.0019 | Z3: =Z39 -> 0 | AA3: =AA39 -> 0.1033 | AB3: =AA3+R3 -> 0.0908 | AD3: =AD39 -> 0 | AE3: =AE39 -> 0 | AF3: =AF39 -> 0.1033 | AH3: =AH39 -> 0 | AI3: =AI39 -> 0
B4: =B38 -> Zn_Mg_C_HSE06D3_969 | C4: =-C38 -> -0.96874918 | D4: =D38 -> 3.2518 | E4: =E38 -> 5.0699 | F4: =-F38 -> -0.59304141 | G4: =-G38 -> -0.52372574 | H4: =H38 -> 0.506151 | J4: =J38 -> -30.4452 | K4: =K38 -> -58.6194 | L4: =L38 -> -18.8332 | M4: =M38 -> -77.4526 | O4: =O38 -> 0.015 | P4: =P38 -> -0.1029 | Q4: =Q38 -> 0.0856 | R4: =R38 -> -0.0173 | T4: =T38 -> 3.598 | U4: =U38 -> 0 | W4: =W38 -> 0 | X4: =X38 -> 0.015 | Y4: =R4+X4 -> -0.0023 | Z4: =Z38 -> 0 | AA4: =AA38 -> 0.1029 | AB4: =AA4+R4 -> 0.0856 | AD4: =AD38 -> 0 | AE4: =AE38 -> 0 | AF4: =AF38 -> 0.1029
B5: =B37 -> Zn_Mg_C_HSE06D3_938 | C5: =-C37 -> -0.93749836 | D5: =D37 -> 3.2584 | E5: =E37 -> 5.0453 | F5: =-F37 -> -0.57496239 | G5: =-G37 -> -0.50711319 | H5: =H37 -> 0.506713 | J5: =J37 -> -30.4431 | K5: =K37 -> -58.6162 | L5: =L37 -> -18.8374 | M5: =M37 -> -77.4536 | O5: =O37 -> 0.0171 | P5: =P37 -> -0.0997 | Q5: =Q37 -> 0.0814 | R5: =R37 -> -0.0183 | T5: =T37 -> 3.597 | U5: =U37 -> 0 | W5: =W37 -> 0 | X5: =X37 -> 0.0171 | Y5: =R5+X5 -> -0.0012 | Z5: =Z37 -> 0 | AA5: =AA37 -> 0.0997 | AB5: =AA5+R5 -> 0.0814 | AD5: =AD37 -> 0 | AE5: =AE37 -> 0 | AF5: =AF37 -> 0.0997
B6: =B36 -> Zn_Mg_C_HSE06D3_875 | C6: =-C36 -> -0.87499672 | D6: =D36 -> 3.2719 | E6: =E36 -> 4.9957 | F6: =-F36 -> -0.53851148 | G6: =-G36 -> -0.47361234 | H6: =H36 -> 0.507698 | J6: =J36 -> -30.4358 | K6: =K36 -> -58.6034 | L6: =L36 -> -18.8414 | M6: =M36 -> -77.4448 | O6: =O36 -> 0.0244 | P6: =P36 -> -0.0869 | Q6: =Q36 -> 0.0774 | R6: =R36 -> -0.0095 | T6: =T36 -> 3.598 | U6: =U36 -> 0 | W6: =W36 -> 0 | X6: =X36 -> 0.0244 | Y6: =R6+X6 -> 0.0149 | Z6: =Z36 -> 0 | AA6: =AA36 -> 0.0869 | AB6: =AA6+R6 -> 0.0774 | AD6: =AD36 -> 0 | AE6: =AE36 -> 0 | AF6: =AF36 -> 0.0869
B7: =B35 -> Zn_Mg_C_HSE06D3_813 | C7: =-C35 -> -0.81250382 | D7: =D35 -> 3.2852 | E7: =E35 -> 4.9435 | F7: =-F35 -> -0.50156257 | G7: =-G35 -> -0.43947715 | H7: =H35 -> 0.508511 | J7: =J35 -> -30.4252 | K7: =K35 -> -58.5872 | L7: =L35 -> -18.8503 | M7: =M35 -> -77.4375 | O7: =O35 -> 0.035 | P7: =P35 -> -0.0707 | Q7: =Q35 -> 0.0685 | R7: =R35 -> -0.0022 | T7: =T35 -> 3.602 | U7: =U35 -> 0 | W7: =W35 -> 0 | X7: =X35 -> 0.035 | Y7: =R7+X7 -> 0.0328 | Z7: =Z35 -> 0 | AA7: =AA35 -> 0.0707 | AB7: =AA7+R7 -> 0.0685 | AD7: =AD35 -> 0 | AE7: =AE35 -> 0 | AF7: =AF35 -> 0.0707
B8: =B34 -> Zn_Mg_C_HSE06D3_750 | C8: =-C34 -> -0.75000219 | D8: =D34 -> 3.299 | E8: =E34 -> 4.8866 | F8: =-F34 -> -0.46463259 | G8: =-G34 -> -0.40447366 | H8: =H34 -> 0.509285 | J8: =J34 -> -30.4131 | K8: =K34 -> -58.5683 | L8: =L34 -> -18.8614 | M8: =M34 -> -77.4297 | O8: =O34 -> 0.0471 | P8: =P34 -> -0.0518 | Q8: =Q34 -> 0.0574 | R8: =R34 -> 0.0056 | T8: =T34 -> 3.61 | U8: =U34 -> 0 | W8: =W34 -> 0 | X8: =X34 -> 0.0471 | Y8: =R8+X8 -> 0.0527 | Z8: =Z34 -> 0 | AA8: =AA34 -> 0.0518 | AB8: =AA8+R8 -> 0.0574 | AD8: =AD34 -> 0 | AE8: =AE34 -> 0 | AF8: =AF34 -> 0.0518
B9: =B33 -> Zn_Mg_C_HSE06D3_688 | C9: =-C33 -> -0.68750055 | D9: =D33 -> 3.3151 | E9: =E33 -> 4.8159 | F9: =-F33 -> -0.42111674 | G9: =-G33 -> -0.36377864 | H9: =H33 -> 0.508795 | J9: =J33 -> -30.4008 | K9: =K33 -> -58.5455 | L9: =L33 -> -18.868 | M9: =M33 -> -77.4135 | O9: =O33 -> 0.0594 | P9: =P33 -> -0.029 | Q9: =Q33 -> 0.0508 | R9: =R33 -> 0.0218 | T9: =T33 -> 3.631 | U9: =U33 -> 0 | W9: =W33 -> 0 | X9: =X33 -> 0.0594 | Y9: =R9+X9 -> 0.0812 | Z9: =Z33 -> 0 | AA9: =AA33 -> 0.029 | AB9: =AA9+R9 -> 0.0508 | AD9: =AD33 -> 0 | AE9: =AE33 -> 0 | AF9: =AF33 -> 0.029
B10: =B32 -> Zn_Mg_C_HSE06D3_625 | C10: =-C32 -> -0.62499891 | D10: =D32 -> 3.3326 | E10: =E32 -> 4.7368 | F10: =-F32 -> -0.37358194 | G10: =-G32 -> -0.32093241 | H10: =H32 -> 0.50737 | J10: =J32 -> -30.3901 | K10: =K32 -> -58.522 | L10: =L32 -> -18.8752 | M10: =M32 -> -77.3972 | O10: =O32 -> 0.0701 | P10: =P32 -> -0.0055 | Q10: =Q32 -> 0.0436 | R10: =R32 -> 0.0381 | T10: =T32 -> 3.66 | U10: =U32 -> 0 | W10: =W32 -> 0 | X10: =X32 -> 0.0701 | Y10: =R10+X10 -> 0.1082 | Z10: =Z32 -> 0 | AA10: =AA32 -> 0.0055 | AB10: =AA10+R10 -> 0.0436 | AD10: =AD32 -> 0 | AE10: =AE32 -> 0 | AF10: =AF32 -> 0.0055
B11: =B31 -> Zn_Mg_C_HSE06D3_563 | C11: =-C31 -> -0.56249727 | D11: =D31 -> 3.3513 | E11: =E31 -> 4.6505 | F11: =-F31 -> -0.32252613 | G11: =-G31 -> -0.2766815 | H11: =H31 -> 0.505005 | J11: =J31 -> -30.3832 | K11: =K31 -> -58.5036 | L11: =L31 -> -18.8871 | M11: =M31 -> -77.3907 | O11: =O31 -> 0.077 | P11: =P31 -> 0.0129 | Q11: =Q31 -> 0.0317 | R11: =R31 -> 0.0446 | T11: =T31 -> 3.635 | U11: =U31 -> 0 | W11: =W31 -> 0 | X11: =X31 -> 0.077 | Y11: =R11+X11 -> 0.1216 | Z11: =Z31 -> 0 | AA11: =AA31 -> -0.0129 | AB11: =AA11+R11 -> 0.0317 | AD11: =AD31 -> 0 | AE11: =AE31 -> 0 | AF11: =AF31 -> -0.0129
A12: B' | B12: =B30 -> Zn_Mg_C_HSE06D3_500 | C12: =-C30 -> -0.50000437 | D12: =D30 -> 3.3706 | E12: =E30 -> 4.5621 | F12: =-F30 -> -0.26982997 | G12: =-G30 -> -0.23352021 | H12: =H30 -> 0.501947 | J12: =J30 -> -30.3823 | K12: =K30 -> -58.4876 | L12: =L30 -> -18.8914 | M12: =M30 -> -77.379 | O12: =O30 -> 0.0779 | P12: =P30 -> 0.0289 | Q12: =Q30 -> 0.0274 | R12: =R30 -> 0.0563 | T12: =T30 -> 3.483 | U12: =U30 -> 0 | W12: =W30 -> 0 | X12: =X30 -> 0.0779 | Y12: =R12+X12 -> 0.1342 | Z12: =Z30 -> 0 | AA12: =AA30 -> -0.0289 | AB12: =AA12+R12 -> 0.0274 | AD12: =AD30 -> 0 | AE12: =AE30 -> 0 | AF12: =AF30 -> -0.0289
B13: =B29 -> Zn_Mg_C_HSE06D3_438 | C13: =-C29 -> -0.43750273 | D13: =D29 -> 3.3924 | E13: =E29 -> 4.4655 | F13: =-F29 -> -0.21308473 | G13: =-G29 -> -0.18699728 | H13: =H29 -> 0.497669 | J13: =J29 -> -30.3889 | K13: =K29 -> -58.4812 | L13: =L29 -> -18.8984 | M13: =M29 -> -77.3796 | O13: =O29 -> 0.0713 | P13: =P29 -> 0.0353 | Q13: =Q29 -> 0.0204 | R13: =R29 -> 0.0557 | T13: =T29 -> 3.33 | U13: =U29 -> 0 | W13: =W29 -> 0 | X13: =X29 -> 0.0713 | Y13: =R13+X13 -> 0.127 | Z13: =Z29 -> 0 | AA13: =AA29 -> -0.0353 | AB13: =AA13+R13 -> 0.0204 | AD13: =AD29 -> 0 | AE13: =AE29 -> 0 | AF13: =AF29 -> -0.0353
B14: =B28 -> Zn_Mg_C_HSE06D3_375 | C14: =-C28 -> -0.37500109 | D14: =D28 -> 3.4109 | E14: =E28 -> 4.3882 | F14: =-F28 -> -0.1639256 | G14: =-G28 -> -0.14549955 | H14: =H28 -> 0.494457 | J14: =J28 -> -30.4012 | K14: =K28 -> -58.4824 | L14: =L28 -> -18.9044 | M14: =M28 -> -77.3868 | O14: =O28 -> 0.059 | P14: =P28 -> 0.0341 | Q14: =Q28 -> 0.0144 | R14: =R28 -> 0.0485 | T14: =T28 -> 3.218 | U14: =U28 -> 0 | W14: =W28 -> 0 | X14: =X28 -> 0.059 | Y14: =R14+X14 -> 0.1075 | Z14: =Z28 -> 0 | AA14: =AA28 -> -0.0341 | AB14: =AA14+R14 -> 0.0144 | AD14: =AD28 -> 0 | AE14: =AE28 -> 0 | AF14: =AF28 -> -0.0341
B15: =B27 -> Zn_Mg_C_HSE06D3_313 | C15: =-C27 -> -0.31249945 | D15: =D27 -> 3.4247 | E15: =E27 -> 4.3351 | F15: =-F27 -> -0.12477718 | G15: =-G27 -> -0.1134539 | H15: =H27 -> 0.493034 | J15: =J27 -> -30.4158 | K15: =K27 -> -58.4912 | L15: =L27 -> -18.9124 | M15: =M27 -> -77.4036 | O15: =O27 -> 0.0444 | P15: =P27 -> 0.0253 | Q15: =Q27 -> 0.0064 | R15: =R27 -> 0.0317 | T15: =T27 -> 3.147 | U15: =U27 -> 0 | W15: =W27 -> 0 | X15: =X27 -> 0.0444 | Y15: =R15+X15 -> 0.0761 | Z15: =Z27 -> 0 | AA15: =AA27 -> -0.0253 | AB15: =AA15+R15 -> 0.0064 | AD15: =AD27 -> 0 | AE15: =AE27 -> 0 | AF15: =AF27 -> -0.0253
B16: =B26 -> Zn_Mg_C_HSE06D3_250 | C16: =-C26 -> -0.24999781 | D16: =D26 -> 3.4344 | E16: =E26 -> 4.2977 | F16: =-F26 -> -0.093982104 | G16: =-G26 -> -0.086723288 | H16: =H26 -> 0.493269 | J16: =J26 -> -30.4302 | K16: =K26 -> -58.4975 | L16: =L26 -> -18.914 | M16: =M26 -> -77.4115 | O16: =O26 -> 0.03 | P16: =P26 -> 0.019 | Q16: =Q26 -> 0.0048 | R16: =R26 -> 0.0238 | T16: =T26 -> 3.103 | U16: =U26 -> 0 | W16: =W26 -> 0 | X16: =X26 -> 0.03 | Y16: =R16+X16 -> 0.0538 | Z16: =Z26 -> 0 | AA16: =AA26 -> -0.019 | AB16: =AA16+R16 -> 0.0048 | AD16: =AD26 -> 0 | AE16: =AE26 -> 0 | AF16: =AF26 -> -0.019
B17: =B25 -> Zn_Mg_C_HSE06D3_188 | C17: =-C25 -> -0.18749618 | D17: =D25 -> 3.4413 | E17: =E25 -> 4.2718 | F17: =-F25 -> -0.067994241 | G17: =-G25 -> -0.063162835 | H17: =H25 -> 0.494468 | J17: =J25 -> -30.4427 | K17: =K25 -> -58.5066 | L17: =L25 -> -18.9183 | M17: =M25 -> -77.4249 | O17: =O25 -> 0.0175 | P17: =P25 -> 0.0099 | Q17: =Q25 -> 0.0005 | R17: =R25 -> 0.0104 | T17: =T25 -> 3.074 | U17: =U25 -> 0 | W17: =W25 -> 0 | X17: =X25 -> 0.0175 | Y17: =R17+X17 -> 0.0279 | Z17: =Z25 -> 0 | AA17: =AA25 -> -0.0099 | AB17: =AA17+R17 -> 0.0005 | AD17: =AD25 -> 0 | AE17: =AE25 -> 0 | AF17: =AF25 -> -0.0099
B18: =B24 -> Zn_Mg_C_HSE06D3_125 | C18: =-C24 -> -0.12500328 | D18: =D24 -> 3.4461 | E18: =E24 -> 4.2543 | F18: =-F24 -> -0.043997971 | G18: =-G24 -> -0.041436882 | H18: =H24 -> 0.496042 | J18: =J24 -> -30.4522 | K18: =K24 -> -58.5122 | L18: =L24 -> -18.9191 | M18: =M24 -> -77.4313 | O18: =O24 -> 0.008 | P18: =P24 -> 0.0043 | Q18: =Q24 -> -0.0003 | R18: =R24 -> 0.004 | T18: =T24 -> 3.055 | U18: =U24 -> 0 | W18: =W24 -> 0 | X18: =X24 -> 0.008 | Y18: =R18+X18 -> 0.012 | Z18: =Z24 -> 0 | AA18: =AA24 -> -0.0043 | AB18: =AA18+R18 -> -0.0003 | AD18: =AD24 -> 0 | AE18: =AE24 -> 0 | AF18: =AF24 -> -0.0043
B19: =B23 -> Zn_Mg_C_HSE06D3_063 | C19: =-C23 -> -0.062501639 | D19: =D23 -> 3.4486 | E19: =E23 -> 4.2445 | F19: =-F23 -> -0.021655439 | G19: =-G23 -> -0.020386333 | H19: =H23 -> 0.497952 | J19: =J23 -> -30.4582 | K19: =K23 -> -58.5156 | L19: =L23 -> -18.9192 | M19: =M23 -> -77.4348 | O19: =O23 -> 0.002 | P19: =P23 -> 0.0009 | Q19: =Q23 -> -0.0004 | R19: =R23 -> 0.0005 | T19: =T23 -> 3.045 | U19: =U23 -> 0 | W19: =W23 -> 0 | X19: =X23 -> 0.002 | Y19: =R19+X19 -> 0.0025 | Z19: =Z23 -> 0 | AA19: =AA23 -> -0.0009 | AB19: =AA19+R19 -> -0.0004 | AD19: =AD23 -> 0 | AE19: =AE23 -> 0 | AF19: =AF23 -> -0.0009
